timestamp,hard_rate_of_rise,hardness_ratio,soft_bg_trend,recent_flare_count,label_30min,label_60min,label_120min
2017-09-06 00:00:00+00:00,,6.799295348969281,,0,False,False,False
2017-09-06 00:01:00+00:00,,6.751152170636488,,0,False,False,False
2017-09-06 00:02:00+00:00,,5.567519067994911,,0,False,False,False
2017-09-06 00:03:00+00:00,,8.062866641012075,,0,False,False,False
2017-09-06 00:04:00+00:00,,0.4732442471833784,,0,False,False,False
2017-09-06 00:05:00+00:00,2.7070014000000003e-09,0.26938977081059745,,0,False,False,False
2017-09-06 00:06:00+00:00,3.733482000000001e-09,0.18816409633179093,,0,False,False,False
2017-09-06 00:07:00+00:00,4.8768412e-09,0.17019993931946567,,0,False,False,False
2017-09-06 00:08:00+00:00,5.3322467999999995e-09,0.1385421669645337,,0,False,False,False
2017-09-06 00:09:00+00:00,4.5737404e-09,0.1377606480150686,,0,False,False,False
2017-09-06 00:10:00+00:00,3.3822366000000015e-09,0.12725748921566585,,0,False,False,False
2017-09-06 00:11:00+00:00,3.1066919999999983e-09,0.11497325334400572,,0,False,False,False
2017-09-06 00:12:00+00:00,1.7725700000000006e-09,0.1015269625956295,,0,False,False,False
2017-09-06 00:13:00+00:00,-2.0892999999999894e-10,0.09759908524738849,,0,False,False,False
2017-09-06 00:14:00+00:00,-2.2116250000000006e-09,0.09089237882702154,,0,False,False,False
2017-09-06 00:15:00+00:00,-2.9098740000000013e-09,0.10119833955998625,,0,False,False,False
2017-09-06 00:16:00+00:00,-4.269430799999999e-09,0.10531212194342983,,0,False,False,False
2017-09-06 00:17:00+00:00,-4.4508052e-09,0.11254453973523076,,0,False,False,False
2017-09-06 00:18:00+00:00,-3.996914e-09,0.13114885947855381,,0,False,False,False
2017-09-06 00:19:00+00:00,-2.5665038000000006e-09,0.15606417700470074,,0,False,False,False
2017-09-06 00:20:00+00:00,-2.1983028000000002e-09,0.21442984536711837,,0,False,False,False
2017-09-06 00:21:00+00:00,-2.2064791999999993e-09,0.2973092636293497,,0,False,False,False
2017-09-06 00:22:00+00:00,-1.8625016000000002e-09,7.172949878508918,,0,False,False,False
2017-09-06 00:23:00+00:00,-1.3625840000000007e-09,6.802628149671362,,0,False,False,False
2017-09-06 00:24:00+00:00,-1.4640211999999992e-09,4.880473980506397,,0,False,False,False
2017-09-06 00:25:00+00:00,-1.8712832000000004e-09,2.246750341328152,,0,False,False,False
2017-09-06 00:26:00+00:00,-1.6632608000000008e-09,0.15533672126366713,,0,False,False,False
2017-09-06 00:27:00+00:00,-1.4304112000000002e-09,0.0,,0,False,False,False
2017-09-06 00:28:00+00:00,-1.2081587999999989e-09,0.7415479785777253,,0,False,False,False
2017-09-06 00:29:00+00:00,1.1052119999999971e-10,5.417638249127775,-3.8838937814476684e-09,0,False,False,False
2017-09-06 00:30:00+00:00,3.8152400000000085e-10,4.143771548115183,-5.389155365050267e-09,0,False,False,False
2017-09-06 00:31:00+00:00,6.183100000000002e-10,3.236289103369928,-6.894416948652865e-09,0,False,False,False
2017-09-06 00:32:00+00:00,8.217899999999996e-10,4.094114558483855,-8.399678532255464e-09,0,False,False,False
2017-09-06 00:33:00+00:00,5.086987999999994e-10,3.274444537737506,-9.904940115858064e-09,0,False,False,False
2017-09-06 00:34:00+00:00,-1.1818152000000003e-09,0.0,-1.122318959557365e-08,0,False,False,False
2017-09-06 00:35:00+00:00,-9.810616000000004e-10,0.0,-1.2203060016046233e-08,0,False,False,False
2017-09-06 00:36:00+00:00,-6.183100000000002e-10,0.12263470239304161,-1.2738865376585767e-08,0,False,False,False
2017-09-06 00:37:00+00:00,-8.417799999999979e-11,3.639613765926694,-1.2933035777900583e-08,0,False,False,False
2017-09-06 00:38:00+00:00,1.180899999999997e-10,3.8197775609205586,-1.2534552230162192e-08,0,False,False,False
2017-09-06 00:39:00+00:00,1.0455564000000004e-09,4.6691233990259216,-1.1942556453288451e-08,0,False,False,False
2017-09-06 00:40:00+00:00,1.3989207999999994e-09,6.154341036790356,-1.1027438097408556e-08,0,False,False,False
2017-09-06 00:41:00+00:00,1.5139828e-09,7.624417008855742,-9.544702507295202e-09,0,False,False,False
2017-09-06 00:42:00+00:00,1.755614800000001e-09,12.349556754998043,-7.723983366733259e-09,0,False,False,False
2017-09-06 00:43:00+00:00,1.953038400000001e-09,13.51683849293295,-5.990438041389987e-09,0,False,False,False
2017-09-06 00:44:00+00:00,1.5712111999999998e-09,12.457048370606572,-4.578031063917273e-09,0,False,False,False
2017-09-06 00:45:00+00:00,1.9802888e-09,15.987655643812102,-3.4029683605911525e-09,0,False,False,False
2017-09-06 00:46:00+00:00,2.219498600000001e-09,18.667407175598786,-2.391750166699362e-09,0,False,False,False
2017-09-06 00:47:00+00:00,2.0641643999999998e-09,22.629500051607465,-1.567462877230175e-09,0,False,False,False
2017-09-06 00:48:00+00:00,2.6797496e-09,2.016502018279132,-8.932559546122381e-10,0,False,False,False
2017-09-06 00:49:00+00:00,3.6974483999999994e-09,0.5732518101838717,-9.371721481168666e-11,0,False,False,False
2017-09-06 00:50:00+00:00,3.3792100000000008e-09,0.40949359870207175,7.202925847219006e-10,0,False,False,False
2017-09-06 00:51:00+00:00,2.7681653999999997e-09,0.39013984742665975,1.365116968352371e-09,0,False,False,False
2017-09-06 00:52:00+00:00,2.141680799999999e-09,0.3403332169169094,1.889678854921485e-09,0,False,False,False
2017-09-06 00:53:00+00:00,1.2717448000000005e-09,0.280652628583656,2.503402445045474e-09,0,False,False,False
2017-09-06 00:54:00+00:00,2.2770200000000074e-10,0.23259494228734712,3.1901024458754437e-09,0,False,False,False
2017-09-06 00:55:00+00:00,-2.452660000000013e-10,0.2048421573841949,3.923446780346291e-09,0,False,False,False
2017-09-06 00:56:00+00:00,2.967400000000024e-11,0.17727420572830596,4.779027136976626e-09,0,False,False,False
2017-09-06 00:57:00+00:00,8.538860000000017e-10,0.16885218227082574,5.800636211727167e-09,0,False,False,False
2017-09-06 00:58:00+00:00,1.0991512e-09,0.15603286017748771,6.8875895216543725e-09,0,False,False,False
2017-09-06 00:59:00+00:00,1.180302000000001e-09,0.13294920433867832,8.103717858237512e-09,0,False,False,False
2017-09-06 01:00:00+00:00,6.903760000000023e-10,0.11721431229416712,9.281460804006153e-09,0,False,False,False
2017-09-06 01:01:00+00:00,1.3716799999999978e-10,0.11146519697903368,1.0322522108947913e-08,0,False,False,False
2017-09-06 01:02:00+00:00,-1.3535020000000014e-09,0.1033484770601315,1.1224710027407478e-08,0,False,False,False
2017-09-06 01:03:00+00:00,-2.0257087999999996e-09,0.09832417361340355,1.1945541464977521e-08,0,False,False,False
2017-09-06 01:04:00+00:00,-2.6116200000000018e-09,0.08929399266708885,1.2457635061870677e-08,0,False,False,False
2017-09-06 01:05:00+00:00,-2.5071548000000015e-09,0.07998634056565312,1.286417268344259e-08,0,False,False,False
2017-09-06 01:06:00+00:00,-3.5527128e-09,0.05869873760104741,1.3030604462501764e-08,0,False,False,False
2017-09-06 01:07:00+00:00,-3.2883700000000003e-09,0.05949451995409701,1.2929785447182869e-08,0,False,False,False
2017-09-06 01:08:00+00:00,-2.8565822000000008e-09,0.06495706672437668,1.2587233033913145e-08,0,False,False,False
2017-09-06 01:09:00+00:00,-2.284599599999999e-09,0.07083363135696262,1.1955418916349481e-08,0,False,False,False
2017-09-06 01:10:00+00:00,-2.3345612e-09,0.06584267890311254,1.1077818863416748e-08,0,False,False,False
2017-09-06 01:11:00+00:00,-9.168680000000012e-10,0.06992625762610455,1.0076012816730444e-08,0,False,False,False
2017-09-06 01:12:00+00:00,-9.083999999999924e-12,0.09039732206295825,9.021856598979165e-09,0,False,False,False
2017-09-06 01:13:00+00:00,4.856858000000003e-10,0.09127002780991382,8.058947131736787e-09,0,False,False,False
2017-09-06 01:14:00+00:00,1.7401716e-09,0.08571039145610393,7.499886343229545e-09,0,False,False,False
2017-09-06 01:15:00+00:00,2.3981492000000006e-09,0.07553881617523668,7.108642097636168e-09,0,False,False,False
2017-09-06 01:16:00+00:00,1.8979292e-09,0.06788660141368646,6.572997072210994e-09,0,False,False,False
2017-09-06 01:17:00+00:00,1.3262494000000009e-09,0.06904648301634739,5.919725880467843e-09,0,False,False,False
2017-09-06 01:18:00+00:00,-1.8712880000000032e-10,0.05802258110322927,5.011349159123207e-09,0,False,False,False
2017-09-06 01:19:00+00:00,-1.6129972000000005e-09,0.06210484125508881,3.980088438581837e-09,0,False,False,False
2017-09-06 01:20:00+00:00,-2.1437998000000003e-09,0.06418770560911286,2.812503294156547e-09,0,False,False,False
2017-09-06 01:21:00+00:00,-1.8979292e-09,0.06576495853943115,1.474949898150756e-09,0,False,False,False
2017-09-06 01:22:00+00:00,-1.9167026000000002e-09,0.07867560336215733,6.479544010473897e-11,0,False,False,False
2017-09-06 01:23:00+00:00,-1.1754556000000007e-09,0.08313553231613026,-1.3845998193788382e-09,0,False,False,False
2017-09-06 01:24:00+00:00,-1.5533468e-09,0.05935554642289744,-2.7910105888275635e-09,0,False,False,False
2017-09-06 01:25:00+00:00,-9.205014000000006e-10,0.08664711241225435,-4.1816561123686375e-09,0,False,False,False
2017-09-06 01:26:00+00:00,-1.163343999999999e-09,0.07020513238304622,-5.432271142516916e-09,0,False,False,False
2017-09-06 01:27:00+00:00,-1.1718228000000007e-09,0.1038590801624596,-6.4880879873211955e-09,0,False,False,False
2017-09-06 01:28:00+00:00,-1.116411199999999e-09,0.11151402801013031,-7.382639028497686e-09,0,False,False,False
2017-09-06 01:29:00+00:00,-4.269429999999995e-10,0.1448031998754439,-7.986786868595612e-09,0,False,False,False
2017-09-06 01:30:00+00:00,-7.600195999999998e-10,0.3914084206429502,-8.49641931617204e-09,0,False,False,False
2017-09-06 01:31:00+00:00,-8.914332000000009e-10,0.27463542551231507,-8.930187977987086e-09,0,False,False,False
2017-09-06 01:32:00+00:00,-8.99305399999999e-10,0.5848512785178173,-9.239139043741017e-09,0,False,False,False
2017-09-06 01:33:00+00:00,-5.913620000000008e-10,0.93442764637075,-9.469654841277602e-09,0,False,False,False
2017-09-06 01:34:00+00:00,-1.2081582000000008e-09,0.0,-9.658103114691751e-09,0,False,False,False
2017-09-06 01:35:00+00:00,-1.2947583999999997e-09,0.0,-9.705680512503606e-09,0,False,False,False
2017-09-06 01:36:00+00:00,-3.8031239999999973e-10,0.0,-9.753780692726074e-09,0,False,False,False
2017-09-06 01:37:00+00:00,6.358739999999994e-11,0.843590441945706,-9.848015750451287e-09,0,False,False,False
2017-09-06 01:38:00+00:00,-5.238375999999998e-10,0.0,-9.982721273766053e-09,0,False,False,False
2017-09-06 01:39:00+00:00,3.361042000000006e-10,0.0,-1.0228165718660611e-08,0,False,False,False
2017-09-06 01:40:00+00:00,2.228584000000006e-10,0.0,-1.0565461237378979e-08,0,False,False,False
2017-09-06 01:41:00+00:00,1.3444180000000094e-10,0.0,-1.0887928375724795e-08,0,False,False,False
2017-09-06 01:42:00+00:00,-9.174740000000004e-10,0.0,-1.1126299020712382e-08,0,False,False,False
2017-09-06 01:43:00+00:00,-6.025656e-10,0.0,-1.1124883613259786e-08,0,False,False,False
2017-09-06 01:44:00+00:00,-4.2694300000000016e-10,0.0,-1.0526691622990752e-08,0,False,False,False
2017-09-06 01:45:00+00:00,5.4499999999995626e-12,0.0,-9.515024625331363e-09,0,False,False,False
2017-09-06 01:46:00+00:00,-5.159660000000005e-10,0.0,-8.383543099747368e-09,0,False,False,False
2017-09-06 01:47:00+00:00,1.8167799999999984e-10,0.0,-7.105321511234849e-09,0,False,False,False
2017-09-06 01:48:00+00:00,2.601023999999999e-10,0.0,-5.9162422021411886e-09,0,False,False,False
2017-09-06 01:49:00+00:00,-5.086986e-10,0.0,-4.918984706396293e-09,0,False,False,False
2017-09-06 01:50:00+00:00,-3.4155440000000024e-10,0.0,-4.083398854791783e-09,0,False,False,False
2017-09-06 01:51:00+00:00,1.7189766000000001e-09,0.19681034219600152,-3.16692466133891e-09,0,False,False,False
2017-09-06 01:52:00+00:00,1.3080810000000008e-09,0.1512365415217729,-2.3441509167344952e-09,0,False,False,False
2017-09-06 01:53:00+00:00,2.1743824000000004e-09,0.8170114385111592,-1.7382227129368193e-09,0,False,False,False
2017-09-06 01:54:00+00:00,2.734253399999999e-09,0.4208688641898147,-1.1152938527726008e-09,0,False,False,False
2017-09-06 01:55:00+00:00,2.9144175999999996e-09,0.26243204690919847,-4.4349984033777975e-10,0,False,False,False
2017-09-06 01:56:00+00:00,2.0145052000000004e-09,0.2574459335235041,2.5726127990475306e-10,0,False,False,False
2017-09-06 01:57:00+00:00,3.6608109999999994e-09,0.19114132552398078,1.1971339595812165e-09,0,False,False,False
2017-09-06 01:58:00+00:00,6.053507199999999e-09,0.16398201928743275,2.7502401189748307e-09,0,False,False,False
2017-09-06 01:59:00+00:00,9.8287772e-09,0.15634383155513715,5.041845591377013e-09,0,False,False,False
2017-09-06 02:00:00+00:00,1.06115052e-08,0.13716332833815223,7.689062096062634e-09,0,False,False,False
2017-09-06 02:01:00+00:00,1.0764418799999999e-08,0.1209594495084918,1.0751293365470263e-08,0,False,False,False
2017-09-06 02:02:00+00:00,7.124197999999999e-09,0.11189350832502024,1.3208902365316259e-08,0,False,False,False
2017-09-06 02:03:00+00:00,3.866108e-09,0.1170495588591192,1.5258888966294546e-08,0,False,False,False
2017-09-06 02:04:00+00:00,8.629700000000015e-10,0.12920532042521313,1.7036189737771036e-08,0,False,False,False
2017-09-06 02:05:00+00:00,7.775812000000009e-10,0.14401773683976854,1.8550767850234587e-08,0,False,False,False
2017-09-06 02:06:00+00:00,6.903759999999996e-10,0.14917716867316572,1.995077705927931e-08,0,False,False,False
2017-09-06 02:07:00+00:00,4.485022000000001e-09,0.1578174048699675,2.1280165990141098e-08,0,False,False,False
2017-09-06 02:08:00+00:00,6.267286000000002e-09,0.16580047643622084,2.2550353884987806e-08,0,False,False,False
2017-09-06 02:09:00+00:00,6.722084000000002e-09,0.16515781522427309,2.3872179062345216e-08,0,False,False,False
2017-09-06 02:10:00+00:00,7.270750000000001e-09,0.1648756533603189,2.5283159063875995e-08,0,False,False,False
2017-09-06 02:11:00+00:00,7.321620000000002e-09,0.16069970914206652,2.671429149270507e-08,0,False,False,False
2017-09-06 02:12:00+00:00,6.631850000000001e-09,0.15699426154786653,2.8122744788460087e-08,0,False,False,False
2017-09-06 02:13:00+00:00,4.833235999999999e-09,0.14867198934756162,2.9440756663949423e-08,0,False,False,False
2017-09-06 02:14:00+00:00,2.8523419999999958e-09,0.13801171005428906,3.06647043407641e-08,0,False,False,False
2017-09-06 02:15:00+00:00,5.356499999999999e-10,0.13327441562661288,3.1576535427188473e-08,0,False,False,False
2017-09-06 02:16:00+00:00,-1.5351779999999986e-09,0.12664441151823003,3.212286167372207e-08,0,False,False,False
2017-09-06 02:17:00+00:00,-3.3707320000000023e-09,0.11779440625950749,3.243206718554101e-08,0,False,False,False
2017-09-06 02:18:00+00:00,-4.306372000000001e-09,0.11418346952654689,3.224196039694282e-08,0,False,False,False
2017-09-06 02:19:00+00:00,-3.878823999999996e-09,0.10674321792059542,3.201169669838814e-08,0,False,False,False
2017-09-06 02:20:00+00:00,5.868498000000001e-09,0.10472229671160789,3.433496142085305e-08,0,False,False,False
2017-09-06 02:21:00+00:00,-3.5881400000000025e-09,0.0887809211093769,3.391112532133752e-08,0,False,False,False
2017-09-06 02:22:00+00:00,-5.515741199999998e-09,0.08779363556334915,3.207430540568099e-08,0,False,False,False
2017-09-06 02:23:00+00:00,-1.1803019999999983e-09,0.09068532071343394,3.079947218065272e-08,0,False,False,False
2017-09-06 02:24:00+00:00,-1.1536540000000032e-09,0.0854817542637911,2.9507558088704582e-08,0,False,False,False
2017-09-06 02:25:00+00:00,-1.31129072e-08,0.07715785764711511,2.7447722651546368e-08,0,False,False,False
2017-09-06 02:26:00+00:00,-4.941639999999999e-09,0.07653174827686551,2.416457445390261e-08,0,False,False,False
2017-09-06 02:27:00+00:00,-3.413728800000002e-09,0.07625832331506745,2.039183960050903e-08,0,False,False,False
2017-09-06 02:28:00+00:00,-8.294506e-09,0.0723366873944237,1.667443021274312e-08,0,False,False,False
2017-09-06 02:29:00+00:00,-8.956722e-09,0.06822152759491,1.360582960221126e-08,0,False,False,False
2017-09-06 02:30:00+00:00,-4.9095428e-09,0.07500997160479812,1.1321192050470495e-08,0,False,False,False
2017-09-06 02:31:00+00:00,-1.6169340000000006e-09,0.07911149973613141,9.856861739734103e-09,0,False,False,False
2017-09-06 02:32:00+00:00,-2.918959999999988e-10,0.07640896818738373,8.107846519047112e-09,0,False,False,False
2017-09-06 02:33:00+00:00,7.821229999999989e-10,0.0725219219706056,6.088520001197707e-09,0,False,False,False
2017-09-06 02:34:00+00:00,9.901440000000011e-10,0.06870383058403902,3.899188227271196e-09,0,False,False,False
2017-09-06 02:35:00+00:00,-6.049900000000012e-10,0.0670739728468579,1.5177496464420112e-09,0,False,False,False
2017-09-06 02:36:00+00:00,-2.0892960000000014e-09,0.06507676845485784,-9.97462261041198e-10,0,False,False,False
2017-09-06 02:37:00+00:00,-3.3598300000000012e-09,0.05682299603477027,-3.5987985669740435e-09,0,False,False,False
2017-09-06 02:38:00+00:00,-3.5063829999999993e-09,0.05279372793674381,-6.193855085143063e-09,0,False,False,False
2017-09-06 02:39:00+00:00,-3.4939700000000005e-09,0.05091373396895184,-8.716065751632799e-09,0,False,False,False
2017-09-06 02:40:00+00:00,-3.7098616000000004e-09,0.04793572529916712,-1.1012686439844058e-08,0,False,False,False
2017-09-06 02:41:00+00:00,-3.5427187999999983e-09,0.04651199126561017,-1.3116472788620837e-08,0,False,False,False
2017-09-06 02:42:00+00:00,-2.716690799999999e-09,0.04357772297128867,-1.499936698252245e-08,0,False,False,False
2017-09-06 02:43:00+00:00,-2.1528839999999997e-09,0.04490562030273926,-1.6690500389765116e-08,0,False,False,False
2017-09-06 02:44:00+00:00,-1.8382769999999999e-09,0.0445765939053386,-1.8131546649754223e-08,0,False,False,False
2017-09-06 02:45:00+00:00,-2.1734744e-09,0.035269862722995184,-1.950625494790841e-08,0,False,False,False
2017-09-06 02:46:00+00:00,-2.0620448000000007e-09,0.030457038108043476,-2.0642636644291748e-08,0,False,False,False
2017-09-06 02:47:00+00:00,-9.804557999999998e-10,0.03855047582718448,-2.1487074087322472e-08,0,False,False,False
2017-09-06 02:48:00+00:00,-1.4170880000000003e-09,0.03110966318504397,-2.229256512597705e-08,0,False,False,False
2017-09-06 02:49:00+00:00,-1.6829438e-09,0.023955301072516998,-2.255237456419945e-08,0,False,False,False
2017-09-06 02:50:00+00:00,-1.460084799999999e-09,0.01556753284108395,-1.9565714985049567e-08,0,False,False,False
2017-09-06 02:51:00+00:00,-1.1990744000000002e-09,0.015432430668900257,-1.871493629507467e-08,0,False,False,False
2017-09-06 02:52:00+00:00,-1.5836254000000004e-09,0.017865374772030294,-1.8628041527297435e-08,0,False,False,False
2017-09-06 02:53:00+00:00,-2.99768399999999e-10,0.027719171547128087,-1.7266836028575522e-08,0,False,False,False
2017-09-06 02:54:00+00:00,1.4285947999999996e-09,0.042866557230786674,-1.5213661233881286e-08,0,False,False,False
2017-09-06 02:55:00+00:00,2.188916399999999e-09,0.04222159426105245,-1.3302451015047625e-08,0,False,False,False
2017-09-06 02:56:00+00:00,2.716085200000001e-09,0.04631156692043607,-1.2067010256527223e-08,0,False,False,False
2017-09-06 02:57:00+00:00,2.5101830000000002e-09,0.04599444247023447,-1.1270995935155263e-08,0,False,False,False
2017-09-06 02:58:00+00:00,2.716085e-09,0.05120991139860879,-1.0567593693894143e-08,0,False,False,False
2017-09-06 02:59:00+00:00,3.6732250000000006e-09,0.06312288791936602,-9.400390051640199e-09,0,False,False,False
2017-09-06 03:00:00+00:00,1.6187808400000004e-08,0.10468539291150264,-5.515980341871577e-09,0,False,False,False
2017-09-06 03:01:00+00:00,1.50701848e-08,0.09291442117922045,-1.054361311841546e-09,0,False,False,False
2017-09-06 03:02:00+00:00,8.071043e-09,0.06528051634047156,2.6737783404470356e-09,0,False,False,False
2017-09-06 03:03:00+00:00,1.7077713999999998e-09,0.0431641834890875,5.206028796537119e-09,0,False,False,False
2017-09-06 03:04:00+00:00,-3.1645270000000003e-09,0.030617271173345492,6.777581289028486e-09,0,False,False,False
2017-09-06 03:05:00+00:00,-1.5960408000000003e-08,0.03194554295242734,7.939933323352299e-09,0,False,False,False
2017-09-06 03:06:00+00:00,-1.70538054e-08,0.02018181151612705,8.286368671994343e-09,0,False,False,False
2017-09-06 03:07:00+00:00,-1.0405604e-08,0.019480707071653273,8.009473450117658e-09,0,False,False,False
2017-09-06 03:08:00+00:00,-4.623702e-09,0.026475707883618606,7.465673552744823e-09,0,False,False,False
2017-09-06 03:09:00+00:00,-1.3489583999999998e-09,0.03475192146915076,6.797445199619032e-09,0,False,False,False
2017-09-06 03:10:00+00:00,-1.5987655999999993e-09,0.029667362051470036,5.925073284411293e-09,0,False,False,False
2017-09-06 03:11:00+00:00,-6.934060000000087e-11,0.030156880776940405,4.689913634617602e-09,0,False,False,False
2017-09-06 03:12:00+00:00,1.7561999999999903e-11,0.02817713494327252,3.169230662898435e-09,0,False,False,False
2017-09-06 03:13:00+00:00,-2.0893000000000028e-10,0.03166334909617605,1.4787134408453994e-09,0,False,False,False
2017-09-06 03:14:00+00:00,-9.765196000000005e-10,0.02775505561446947,-3.0839436445164503e-10,0,False,False,False
2017-09-06 03:15:00+00:00,-2.81601e-10,0.03195144348534699,-2.1518530451272878e-09,0,False,False,False
2017-09-06 03:16:00+00:00,-2.9068399999999897e-10,0.029037904522807686,-3.943000524410831e-09,0,False,False,False
2017-09-06 03:17:00+00:00,-2.90079e-10,0.025991480661159746,-5.852985661974594e-09,0,False,False,False
2017-09-06 03:18:00+00:00,-6.086208000000006e-10,0.02253493104576428,-7.777568847089751e-09,0,False,False,False
2017-09-06 03:19:00+00:00,-6.040785999999999e-10,0.01998785040873559,-9.735910386428424e-09,0,False,False,False
2017-09-06 03:20:00+00:00,-1.2717454e-09,0.00938977793842537,-1.1757870402334703e-08,0,False,False,False
2017-09-06 03:21:00+00:00,-1.199074600000001e-09,0.006188649451505559,-1.3822682232321813e-08,0,False,False,False
2017-09-06 03:22:00+00:00,-3.245978000000001e-10,0.023134837845087904,-1.573063537257384e-08,0,False,False,False
2017-09-06 03:23:00+00:00,-8.266347999999994e-10,0.0035389260900454736,-1.7662242102702415e-08,0,False,False,False
2017-09-06 03:24:00+00:00,-1.5397211999999997e-09,0.0,-1.952064909261538e-08,0,False,False,False
2017-09-06 03:25:00+00:00,-1.28083e-09,0.0,-2.1175811134596976e-08,0,False,False,False
2017-09-06 03:26:00+00:00,-1.2687139999999913e-10,0.0024401673114894944,-2.241851631006325e-08,0,False,False,False
2017-09-06 03:27:00+00:00,4.426879999999992e-10,0.028896507887500797,-2.3194625515372803e-08,0,False,False,False
2017-09-06 03:28:00+00:00,1.9621216000000003e-09,0.03709146151052747,-2.3148683217556034e-08,0,False,False,False
2017-09-06 03:29:00+00:00,5.1224098e-09,0.053275375283045774,-2.1610889878510444e-08,0,False,False,False
2017-09-06 03:30:00+00:00,6.322391999999999e-09,0.057085556322299856,-1.693779733322703e-08,0,False,False,False
2017-09-06 03:31:00+00:00,6.9307099999999995e-09,0.06501649976208702,-1.1039076220250708e-08,0,False,False,False
2017-09-06 03:32:00+00:00,5.7392055999999995e-09,0.06277352801437021,-5.5549711587253714e-09,0,False,False,False
2017-09-06 03:33:00+00:00,3.3247059999999985e-09,0.049899043442704905,-1.159655627863939e-09,0,False,False,False
2017-09-06 03:34:00+00:00,1.0991539999999916e-10,0.043152533094724575,2.215389609000492e-09,0,False,False,False
2017-09-06 03:35:00+00:00,-6.994599999999996e-10,0.04507079679066336,5.278343122415397e-09,0,False,False,False
2017-09-06 03:36:00+00:00,-3.1372753999999995e-09,0.04072805637532668,7.345805836072787e-09,0,False,False,False
2017-09-06 03:37:00+00:00,-3.6862447999999985e-09,0.037228862647260864,8.658984121541495e-09,0,False,False,False
2017-09-06 03:38:00+00:00,-2.289141599999999e-09,0.035099654076739976,9.697375958366176e-09,0,False,False,False
2017-09-06 03:39:00+00:00,-1.1373039999999992e-09,0.0344917334890128,1.0938129840264988e-08,0,False,False,False
2017-09-06 03:40:00+00:00,-1.2626611999999994e-09,0.036591248193645884,1.19231779817012e-08,0,False,False,False
2017-09-06 03:41:00+00:00,-5.235350000000006e-10,0.037650123740195184,1.244745371382078e-08,0,False,False,False
2017-09-06 03:42:00+00:00,1.8070479999999996e-10,0.03892905712199452,1.2719410344058256e-08,0,False,False,False
2017-09-06 03:43:00+00:00,7.600195999999998e-10,0.04344535068672734,1.2824582591525904e-08,0,False,False,False
2017-09-06 03:44:00+00:00,-1.0882508000000007e-09,0.027881879086672737,1.2501097800437643e-08,0,False,False,False
2017-09-06 03:45:00+00:00,-1.7168568000000008e-09,0.025107467112095935,1.1766372546472357e-08,0,False,False,False
2017-09-06 03:46:00+00:00,-2.4444766000000004e-09,0.01545631232778115,1.0579600839911932e-08,0,False,False,False
2017-09-06 03:47:00+00:00,-3.2510620000000004e-09,0.0035189324937952775,8.878263863205435e-09,0,False,False,False
2017-09-06 03:48:00+00:00,-4.0211386e-09,0.0,6.888309883948474e-09,0,False,False,False
2017-09-06 03:49:00+00:00,-6.679691999999999e-10,0.02626319666570152,5.4008748466954446e-09,0,False,False,False
2017-09-06 03:50:00+00:00,-1.2989969999999996e-09,0.007991761347280435,3.2761760861238295e-09,0,False,False,False
2017-09-06 03:51:00+00:00,-9.52900999999999e-10,0.0,9.183188566070242e-10,0,False,False,False
2017-09-06 03:52:00+00:00,9.447256000000008e-10,0.029985381299777167,-1.3256416912896336e-09,0,False,False,False
2017-09-06 03:53:00+00:00,1.0706886000000001e-09,0.023299579867779363,-3.738332538477606e-09,0,False,False,False
2017-09-06 03:54:00+00:00,-1.2487333999999991e-09,0.008097015474380947,-6.617877610838976e-09,0,False,False,False
2017-09-06 03:55:00+00:00,-3.7243959999999947e-10,0.0,-9.658426015661091e-09,0,False,False,False
2017-09-06 03:56:00+00:00,-1.3595520000000097e-10,0.0,-1.252254950262951e-08,0,False,False,False
2017-09-06 03:57:00+00:00,-2.9068520000000065e-10,0.02478812619107661,-1.4592924283769367e-08,0,False,False,False
2017-09-06 03:58:00+00:00,-3.3489320000000037e-10,0.013274590996236181,-1.6072294978700302e-08,0,False,False,False
2017-09-06 03:59:00+00:00,-1.7719656000000005e-09,0.0,-1.7425408362126493e-08,0,False,False,False
2017-09-06 04:00:00+00:00,-1.8076960000000005e-09,0.0,-1.854070206314803e-08,0,False,False,False
2017-09-06 04:01:00+00:00,-1.3628877999999997e-09,0.0,-1.8976882899153542e-08,0,False,False,False
2017-09-06 04:02:00+00:00,-2.1528838e-09,0.0,-1.9045373391640016e-08,0,False,False,False
2017-09-06 04:03:00+00:00,-8.154308e-10,0.0,-1.891094847121508e-08,0,False,False,False
2017-09-06 04:04:00+00:00,2.1898251999999998e-09,0.05502148326767161,-1.845840747202371e-08,0,False,False,False
2017-09-06 04:05:00+00:00,2.9976866e-09,0.06674505861158515,-1.7596141251902794e-08,0,False,False,False
2017-09-06 04:06:00+00:00,3.2683864000000006e-09,0.07169100592807234,-1.6655727051088676e-08,0,False,False,False
2017-09-06 04:07:00+00:00,2.1892196000000003e-09,0.04360082121842745,-1.5905356743115673e-08,0,False,False,False
2017-09-06 04:08:00+00:00,6.065014000000006e-10,0.014577778303167858,-1.5049982729992694e-08,0,False,False,False
2017-09-06 04:09:00+00:00,-4.687295999999996e-10,0.007073882387565289,-1.3759034968577631e-08,0,False,False,False
2017-09-06 04:10:00+00:00,-1.5533464e-09,0.0,-1.2717730277694144e-08,0,False,False,False
2017-09-06 04:11:00+00:00,-2.6688494000000006e-09,0.0,-1.18600615684658e-08,0,False,False,False
2017-09-06 04:12:00+00:00,-2.2618906e-09,0.0,-1.0849804548100146e-08,0,False,False,False
2017-09-06 04:13:00+00:00,-1.6777960000000001e-09,0.0,-9.66268395320091e-09,0,False,False,False
2017-09-06 04:14:00+00:00,-1.7749935999999996e-09,0.0,-8.647741861579574e-09,0,False,False,False
2017-09-06 04:15:00+00:00,-1.1082360000000003e-09,0.0,-7.888713310738391e-09,0,False,False,False
2017-09-06 04:16:00+00:00,-7.909046000000003e-10,0.0,-7.369656646688632e-09,0,False,False,False
2017-09-06 04:17:00+00:00,-7.993829999999997e-10,0.0,-7.094741234933251e-09,0,False,False,False
2017-09-06 04:18:00+00:00,-2.7524219999999995e-10,0.0,-6.9566347679711565e-09,0,False,False,False
2017-09-06 04:19:00+00:00,1.4625075999999992e-09,0.0,-6.032674102771712e-09,0,False,False,False
2017-09-06 04:20:00+00:00,2.4045084000000003e-09,0.048902970238199325,-5.065260610878872e-09,0,False,False,False
2017-09-06 04:21:00+00:00,3.6250810000000004e-09,0.06105351374432322,-3.840485711201e-09,0,False,False,False
2017-09-06 04:22:00+00:00,5.2050734e-09,0.06879643113120007,-2.06643220254157e-09,0,False,False,False
2017-09-06 04:23:00+00:00,7.027908799999999e-09,0.0844160373138872,3.1049558806894346e-10,0,False,False,False
2017-09-06 04:24:00+00:00,6.876510000000001e-09,0.08814445761914624,2.6844452817804734e-09,0,False,False,False
2017-09-06 04:25:00+00:00,5.4712299999999995e-09,0.0932211915575829,4.518953027196783e-09,0,False,False,False
2017-09-06 04:26:00+00:00,4.506217599999999e-09,0.09667137790648195,6.131913725910594e-09,0,False,False,False
2017-09-06 04:27:00+00:00,5.404917999999999e-09,0.1128630371618128,8.361664251193711e-09,0,False,False,False
2017-09-06 04:28:00+00:00,4.663067200000002e-09,0.12257001688990567,1.0885097899730314e-08,0,False,False,False
2017-09-06 04:29:00+00:00,3.5790540000000004e-09,0.12665299056867027,1.2442645686266635e-08,0,False,False,False
2017-09-06 04:30:00+00:00,4.073825000000001e-09,0.13166952478597238,1.3387417059698768e-08,0,False,False,False
2017-09-06 04:31:00+00:00,5.458818e-09,0.13687098932935582,1.4378326737678477e-08,0,False,False,False
2017-09-06 04:32:00+00:00,4.0605031999999996e-09,0.1324235381807808,1.5446093513291575e-08,0,False,False,False
2017-09-06 04:33:00+00:00,2.4496247999999983e-09,0.13858594073503558,1.6256674965465117e-08,0,False,False,False
2017-09-06 04:34:00+00:00,4.996145e-09,0.16399389219926302,1.727033213278502e-08,0,False,False,False
2017-09-06 04:35:00+00:00,5.636861999999999e-09,0.1676054038720787,1.8372573861489382e-08,0,False,False,False
2017-09-06 04:36:00+00:00,4.832632e-09,0.17004067722321692,1.9562599733011032e-08,0,False,False,False
2017-09-06 04:37:00+00:00,4.169508800000001e-09,0.1685867975864703,2.0484859633001425e-08,0,False,False,False
2017-09-06 04:38:00+00:00,7.533578000000003e-09,0.15207077127298085,2.2259461256382185e-08,0,False,False,False
2017-09-06 04:39:00+00:00,4.714542999999999e-09,0.1334667599390124,2.4410251697573106e-08,0,False,False,False
2017-09-06 04:40:00+00:00,5.362522000000006e-10,0.14600624730973086,2.4747928842392846e-08,0,False,False,False
2017-09-06 04:41:00+00:00,4.4511120000000005e-10,0.1483379360747952,2.4663197847491732e-08,0,False,False,False
2017-09-06 04:42:00+00:00,9.90145200000003e-10,0.14442890611285872,2.449632662011797e-08,0,False,False,False
2017-09-06 04:43:00+00:00,-7.457880000000027e-10,0.13728190020043593,2.4651696535820056e-08,0,False,False,False
2017-09-06 04:44:00+00:00,6.812919999999997e-10,0.12933423641355624,2.5131458225832092e-08,0,False,False,False
2017-09-06 04:45:00+00:00,5.8769787999999985e-09,0.12604633592926195,2.5844458332307463e-08,0,False,False,False
2017-09-06 04:46:00+00:00,4.507430800000003e-09,0.11992301405987059,2.6208958769852718e-08,0,False,False,False
2017-09-06 04:47:00+00:00,3.0521899999999996e-09,0.11672374363037066,2.6087578208899993e-08,0,False,False,False
2017-09-06 04:48:00+00:00,1.4452480000000024e-09,0.11623708722284053,2.5611335097429817e-08,0,False,False,False
2017-09-06 04:49:00+00:00,1.7259399999999925e-10,0.11630069569195217,2.4819706133906554e-08,0,False,False,False
2017-09-06 04:50:00+00:00,-1.8552360000000003e-09,0.11541588145042114,2.414780585779016e-08,0,False,False,False
2017-09-06 04:51:00+00:00,-1.6460019999999997e-09,0.11486586366965043,2.3355439940523286e-08,0,False,False,False
2017-09-06 04:52:00+00:00,-1.4715920000000038e-09,0.11311186177847364,2.2604926741220568e-08,0,False,False,False
2017-09-06 04:53:00+00:00,-1.6296500000000017e-09,0.1142649317636403,2.2185723024991802e-08,0,False,False,False
2017-09-06 04:54:00+00:00,-2.6161619999999963e-09,0.1116901777348488,2.1865026383997482e-08,0,False,False,False
2017-09-06 04:55:00+00:00,-3.422508e-09,0.10710256807645546,2.0971932178313673e-08,0,False,False,False
2017-09-06 04:56:00+00:00,-2.979520000000002e-09,0.1078385296691972,1.9662507344093943e-08,0,False,False,False
2017-09-06 04:57:00+00:00,-3.5021459999999983e-09,0.10230838737941508,1.834413948084525e-08,0,False,False,False
2017-09-06 04:58:00+00:00,-4.511064e-09,0.09715593430949382,1.6995776755483992e-08,0,False,False,False
2017-09-06 04:59:00+00:00,-4.9053040000000025e-09,0.09199667574159795,1.5323843241707305e-08,0,False,False,False
2017-09-06 05:00:00+00:00,-4.901973199999998e-09,0.08742227604332638,1.3285057902612201e-08,0,False,False,False
2017-09-06 05:01:00+00:00,-5.8591140000000005e-09,0.08117363757161529,1.120678317360554e-08,0,False,False,False
2017-09-06 05:02:00+00:00,-5.527248799999999e-09,0.07698940719836947,9.148467670031834e-09,0,False,False,False
2017-09-06 05:03:00+00:00,-5.0691188e-09,0.07493440913179757,6.698650611763034e-09,0,False,False,False
2017-09-06 05:04:00+00:00,-3.742567e-09,0.0793910899030915,4.103938234653748e-09,0,False,False,False
2017-09-06 05:05:00+00:00,-3.9820788000000025e-09,0.072012402285371,1.3466136628473498e-09,0,False,False,False
2017-09-06 05:06:00+00:00,-2.6979159999999993e-09,0.07455977940022167,-1.485333578421586e-09,0,False,False,False
2017-09-06 05:07:00+00:00,-1.6995972000000006e-09,0.07713115706315708,-4.395690705013465e-09,0,False,False,False
2017-09-06 05:08:00+00:00,-1.87098e-09,0.07248787367323375,-6.342225642421931e-09,0,False,False,False
2017-09-06 05:09:00+00:00,-2.534407000000001e-09,0.0701742435741495,-7.741529317780551e-09,0,False,False,False
2017-09-06 05:10:00+00:00,-1.980289999999999e-09,0.06613029371716982,-1.044827882657659e-08,0,False,False,False
2017-09-06 05:11:00+00:00,-2.4708200000000024e-09,0.06290107960603486,-1.3132281528912212e-08,0,False,False,False
2017-09-06 05:12:00+00:00,-1.2799220000000011e-09,0.07101268221410281,-1.528015886565507e-08,0,False,False,False
2017-09-06 05:13:00+00:00,5.977208000000015e-10,0.07428266868592072,-1.6434625338112806e-08,0,False,False,False
2017-09-06 05:14:00+00:00,6.812919999999997e-10,0.07142787928662189,-1.69153063841165e-08,0,False,False,False
2017-09-06 05:15:00+00:00,-6.358600000000016e-11,0.06481331640135614,-1.7042929027752382e-08,0,False,False,False
2017-09-06 05:16:00+00:00,-1.5442679999999966e-10,0.0677187932231237,-1.731477841045556e-08,0,False,False,False
2017-09-06 05:17:00+00:00,-2.4959507999999997e-09,0.06371034663917412,-1.7837596052607007e-08,0,False,False,False
2017-09-06 05:18:00+00:00,-4.567383000000001e-09,0.058599592061536934,-1.845524513415963e-08,0,False,False,False
2017-09-06 05:19:00+00:00,-4.469276599999999e-09,0.06074063656810703,-1.903314917078556e-08,0,False,False,False
2017-09-06 05:20:00+00:00,-3.7474106e-09,0.054708547600511186,-1.9628720040826055e-08,0,False,False,False
2017-09-06 05:21:00+00:00,-3.9060751999999995e-09,0.049865831715241365,-2.0411461000255643e-08,0,False,False,False
2017-09-06 05:22:00+00:00,-3.1451477999999993e-09,0.053136484773136004,-2.126249107598245e-08,0,False,False,False
2017-09-06 05:23:00+00:00,-2.6888330000000002e-09,0.039113183706768626,-2.2061699833097408e-08,0,False,False,False
2017-09-06 05:24:00+00:00,-3.2441626e-09,0.0,-2.2917830186162247e-08,0,False,False,False
2017-09-06 05:25:00+00:00,-2.4114718e-09,0.0,-2.3663137876352588e-08,0,False,False,False
2017-09-06 05:26:00+00:00,-3.1066931999999995e-09,0.0,-2.4356552649250553e-08,0,False,False,False
2017-09-06 05:27:00+00:00,-2.9928419999999996e-09,0.0,-2.4962620990096155e-08,0,False,False,False
2017-09-06 05:28:00+00:00,-2.2528069999999997e-09,0.0,-2.5351672197621e-08,0,False,False,False
2017-09-06 05:29:00+00:00,-1.5884707999999998e-09,0.0,-2.5580511788328835e-08,0,False,False,False
2017-09-06 05:30:00+00:00,-1.3907450000000005e-09,0.0,-2.564988858795471e-08,0,False,False,False
2017-09-06 05:31:00+00:00,-1.6351040000000011e-10,0.0,-2.556096423570764e-08,0,False,False,False
2017-09-06 05:32:00+00:00,-5.934800000000048e-11,0.0,-2.5328455483878546e-08,0,False,False,False
2017-09-06 05:33:00+00:00,-7.176280000000001e-10,0.0,-2.4990074024439565e-08,0,False,False,False
2017-09-06 05:34:00+00:00,1.7289686000000005e-09,0.008781242399888551,-2.4569388957333953e-08,0,False,False,False
2017-09-06 05:35:00+00:00,1.1636474000000004e-09,0.0,-2.4086072162299283e-08,0,False,False,False
2017-09-06 05:36:00+00:00,1.8167799999999784e-11,0.0,-2.3455421639004146e-08,0,False,False,False
2017-09-06 05:37:00+00:00,7.691059999999992e-11,0.0,-2.26666508460443e-08,0,False,False,False
2017-09-06 05:38:00+00:00,1.3625840000000035e-10,0.0,-2.1797969726600977e-08,0,False,False,False
2017-09-06 05:39:00+00:00,-2.183163600000001e-09,0.0,-2.0855570533366757e-08,0,False,False,False
2017-09-06 05:40:00+00:00,-2.1734740000000004e-09,0.0,-1.9874887872919232e-08,0,False,False,False
2017-09-06 05:41:00+00:00,-1.3807522e-09,0.0,-1.8755878187986065e-08,0,False,False,False
2017-09-06 05:42:00+00:00,-1.4485789999999994e-09,0.0,-1.7172190322358208e-08,0,False,False,False
2017-09-06 05:43:00+00:00,-6.449564000000001e-10,0.0,-1.503509095308455e-08,0,False,False,False
2017-09-06 05:44:00+00:00,5.235354e-10,0.0,-1.2734345653287883e-08,0,False,False,False
2017-09-06 05:45:00+00:00,3.617814000000001e-09,5.677435410689213,-1.0615727641257223e-08,0,False,False,False
2017-09-06 05:46:00+00:00,6.0589596e-09,0.21964678130336768,-8.246007864251802e-09,0,False,False,False
2017-09-06 05:47:00+00:00,6.532836599999999e-09,0.1741333117845999,-5.930676431891336e-09,0,False,False,False
2017-09-06 05:48:00+00:00,6.431399e-09,0.16188222441538078,-3.791419481184918e-09,0,False,False,False
2017-09-06 05:49:00+00:00,5.217487600000001e-09,0.15114700913786566,-1.8416491706551417e-09,0,False,False,False
2017-09-06 05:50:00+00:00,2.063558e-09,0.14119798914978707,-1.463048332934771e-10,0,False,False,False
2017-09-06 05:51:00+00:00,-7.085435999999994e-10,0.11850212102729624,1.1838708711857724e-09,0,False,False,False
2017-09-06 05:52:00+00:00,-1.8546296000000001e-09,0.08713656876945561,2.2254071215448504e-09,0,False,False,False
2017-09-06 05:53:00+00:00,-2.107464e-09,0.09913720703634221,3.033688912824098e-09,0,False,False,False
2017-09-06 05:54:00+00:00,-2.4865648000000013e-09,0.06227923614925993,3.593771451352476e-09,0,False,False,False
2017-09-06 05:55:00+00:00,-2.890193200000001e-09,0.02113336791726026,3.9081446736232864e-09,0,False,False,False
2017-09-06 05:56:00+00:00,-2.3708974e-09,0.0,3.872610290722043e-09,0,False,False,False
2017-09-06 05:57:00+00:00,-1.9739300000000004e-09,0.0,3.59088079088657e-09,0,False,False,False
2017-09-06 05:58:00+00:00,-1.9439539999999993e-09,0.0,3.1969139541874723e-09,0,False,False,False
2017-09-06 05:59:00+00:00,-1.5466851999999995e-09,0.0,2.7540462531343764e-09,0,False,False,False
2017-09-06 06:00:00+00:00,-1.7259406e-09,0.0,2.3111785520812797e-09,0,False,False,False
2017-09-06 06:01:00+00:00,-1.9730226000000003e-09,0.0,1.870576959762537e-09,0,False,False,False
2017-09-06 06:02:00+00:00,-2.3345699999999893e-10,0.0,1.531317665951804e-09,0,False,False,False
2017-09-06 06:03:00+00:00,1.4534199999999949e-10,0.0,1.2546667379940398e-09,0,False,False,False
2017-09-06 06:04:00+00:00,-1.2172400000000005e-10,0.0,9.104448505843685e-10,0,False,False,False
2017-09-06 06:05:00+00:00,-1.0900680000000003e-10,0.0,4.4016433174863563e-10,0,False,False,False
2017-09-06 06:06:00+00:00,-4.251265999999995e-10,0.0,-3.01161870870966e-11,0,False,False,False
2017-09-06 06:07:00+00:00,-1.3910476000000003e-09,0.0,-5.003967059228296e-10,0,False,False,False
2017-09-06 06:08:00+00:00,-2.7978400000000003e-09,0.0,-9.706772247585625e-10,0,False,False,False
2017-09-06 06:09:00+00:00,-2.4035997999999998e-09,0.0,-1.4409577435942948e-09,0,False,False,False
2017-09-06 06:10:00+00:00,-9.992284e-10,0.0,-1.9112382624300277e-09,0,False,False,False
2017-09-06 06:11:00+00:00,4.514696e-10,0.0,-2.3815187812657603e-09,0,False,False,False
2017-09-06 06:12:00+00:00,8.732655999999999e-10,0.0,-2.851799300101493e-09,0,False,False,False
2017-09-06 06:13:00+00:00,2.098380400000001e-09,0.0,-3.2231295825455143e-09,0,False,False,False
2017-09-06 06:14:00+00:00,2.0260121999999996e-09,0.0,-3.586204450375358e-09,0,False,False,False
2017-09-06 06:15:00+00:00,2.0347930000000003e-09,0.0,-4.0485664368974875e-09,0,False,False,False
2017-09-06 06:16:00+00:00,2.2010290000000003e-09,0.14823601095599642,-4.024227038443799e-09,0,False,False,False
2017-09-06 06:17:00+00:00,3.4206929999999994e-09,0.14568083087281125,-3.315757662276722e-09,0,False,False,False
2017-09-06 06:18:00+00:00,9.9014476e-09,0.15794830844563112,-1.1533224566054771e-09,0,False,False,False
2017-09-06 06:19:00+00:00,1.91394676e-08,0.15706364753683547,2.8334948087219365e-09,0,False,False,False
2017-09-06 06:20:00+00:00,2.2537148e-08,0.13453007284260085,8.140695879347357e-09,0,False,False,False
2017-09-06 06:21:00+00:00,2.0664957999999997e-08,0.10970122526619891,1.3902882641078144e-08,0,False,False,False
2017-09-06 06:22:00+00:00,1.6890902000000004e-08,0.09553711424524222,1.955625523606493e-08,0,False,False,False
2017-09-06 06:23:00+00:00,7.639556799999999e-09,0.08425564590248913,2.4631556564754816e-08,0,False,False,False
2017-09-06 06:24:00+00:00,-4.264284e-09,0.07315719360900179,2.9063104801498938e-08,0,False,False,False
2017-09-06 06:25:00+00:00,-1.0682662999999999e-08,0.0642793122471355,3.256622355716886e-08,0,False,False,False
2017-09-06 06:26:00+00:00,-1.188083e-08,0.05741137868249323,3.489738833119712e-08,0,False,False,False
2017-09-06 06:27:00+00:00,-1.2351074000000001e-08,0.05053622053717744,3.60672554119926e-08,0,False,False,False
2017-09-06 06:28:00+00:00,-1.1645555199999998e-08,0.04258788906096245,3.6266327544613515e-08,0,False,False,False
2017-09-06 06:29:00+00:00,-9.979266e-09,0.03864925732247927,3.561617449323746e-08,0,False,False,False
2017-09-06 06:30:00+00:00,-8.375352999999999e-09,0.034451118114154376,3.426548756377672e-08,0,False,False,False
2017-09-06 06:31:00+00:00,-6.9195068e-09,0.02941972811249438,3.2238490130880915e-08,0,False,False,False
2017-09-06 06:32:00+00:00,-5.698630800000001e-09,0.01823766643255972,2.980348935336661e-08,0,False,False,False
2017-09-06 06:33:00+00:00,-4.360270400000001e-09,0.012647102826029454,2.6910466740537338e-08,0,False,False,False
2017-09-06 06:34:00+00:00,-3.9475588e-09,0.0,2.3580246433123994e-08,0,False,False,False
2017-09-06 06:35:00+00:00,-2.6434134000000007e-09,0.007969409183115296,1.9885017448564946e-08,0,False,False,False
2017-09-06 06:36:00+00:00,-2.1734742000000005e-09,0.0,1.5939155693277615e-08,0,False,False,False
2017-09-06 06:37:00+00:00,-1.9257860000000006e-09,0.0,1.1717577004943344e-08,0,False,False,False
2017-09-06 06:38:00+00:00,-1.9600026e-09,0.0,7.317779326876312e-09,0,False,False,False
2017-09-06 06:39:00+00:00,-1.0849201999999999e-09,0.0,2.8383644902036255e-09,0,False,False,False
2017-09-06 06:40:00+00:00,-1.6532694000000002e-09,0.0,-1.6475487493428356e-09,0,False,False,False
2017-09-06 06:41:00+00:00,-1.7341161999999994e-09,0.0,-6.207376954625537e-09,0,False,False,False
2017-09-06 06:42:00+00:00,-1.2717439999999976e-10,0.0,-1.0844203292450011e-08,0,False,False,False
2017-09-06 06:43:00+00:00,1.4240524000000002e-09,0.00040080535663426694,-1.5286113643109787e-08,0,False,False,False
2017-09-06 06:44:00+00:00,2.2089010000000004e-09,0.04348133945934371,-1.945604502324648e-08,0,False,False,False
2017-09-06 06:45:00+00:00,3.7698168e-09,0.0785053949789122,-2.352309965630152e-08,0,False,False,False
2017-09-06 06:46:00+00:00,5.4403462000000006e-09,0.09026227941080166,-2.7341000191098865e-08,0,False,False,False
2017-09-06 06:47:00+00:00,4.6418712e-09,0.0777028108804145,-3.0519815145079004e-08,0,False,False,False
2017-09-06 06:48:00+00:00,4.7402800000000005e-09,0.08636990120587061,-3.206734104105281e-08,0,False,False,False
2017-09-06 06:49:00+00:00,5.185391999999998e-09,0.09437716644852129,-3.126402060407217e-08,0,False,False,False
2017-09-06 06:50:00+00:00,5.377666999999998e-09,0.09953432976262051,-2.829035209195049e-08,0,False,False,False
2017-09-06 06:51:00+00:00,5.720431799999999e-09,0.09922353022410979,-2.369906599256082e-08,0,False,False,False
2017-09-06 06:52:00+00:00,8.36627e-09,0.10636651134443946,-1.791813829580692e-08,0,False,False,False
2017-09-06 06:53:00+00:00,8.658469000000001e-09,0.10497945649170824,-1.1565728148912991e-08,0,False,False,False
2017-09-06 06:54:00+00:00,7.635016000000002e-09,0.09801052112191633,-4.916833167185011e-09,0,False,False,False
2017-09-06 06:55:00+00:00,7.103609000000001e-09,0.09590737508168581,1.827704922323429e-09,0,False,False,False
2017-09-06 06:56:00+00:00,6.1340542e-09,0.09228795817977091,8.337016469289e-09,0,False,False,False
2017-09-06 06:57:00+00:00,2.7978400000000008e-09,0.08436839348368382,1.4326450669812418e-08,0,False,False,False
2017-09-06 06:58:00+00:00,1.2114889999999998e-09,0.07976387780168569,1.9870301095885157e-08,0,False,False,False
2017-09-06 06:59:00+00:00,1.5306351999999997e-09,0.08106989316990316,2.4866159372492688e-08,0,False,False,False
2017-09-06 07:00:00+00:00,4.814460000000007e-10,0.07951210607072197,2.9259936585128383e-08,0,False,False,False
2017-09-06 07:01:00+00:00,-7.775829999999995e-10,0.07492748600543647,3.296658460446215e-08,0,False,False,False
2017-09-06 07:02:00+00:00,-5.904539999999998e-10,0.07153923760394601,3.6111216485873995e-08,0,False,False,False
2017-09-06 07:03:00+00:00,-6.93707000000002e-10,0.06914889596394459,3.860038956004544e-08,0,False,False,False
2017-09-06 07:04:00+00:00,-9.159592000000013e-10,0.06942830368005365,4.062949975469767e-08,0,False,False,False
2017-09-06 07:05:00+00:00,6.831091999999998e-09,0.08194087573640886,4.4120522807488044e-08,0,False,False,False
2017-09-06 07:06:00+00:00,1.5902272e-08,0.09281918481998565,4.8774271816808e-08,0,False,False,False
2017-09-06 07:07:00+00:00,2.1419829999999998e-08,0.09774411508635476,5.366489247159013e-08,0,False,False,False
2017-09-06 07:08:00+00:00,1.555133e-08,0.08383075534888623,5.722627919657498e-08,0,False,False,False
2017-09-06 07:09:00+00:00,8.673605999999999e-09,0.07043370610994111,5.920913093524664e-08,0,False,False,False
2017-09-06 07:10:00+00:00,-3.860657999999998e-09,0.06085797286867445,5.96251972817195e-08,0,False,False,False
2017-09-06 07:11:00+00:00,-1.621839e-08,0.05360017893782283,5.826499342094457e-08,0,False,False,False
2017-09-06 07:12:00+00:00,-2.4853543999999996e-08,0.04707031782797292,5.504572234437948e-08,0,False,False,False
2017-09-06 07:13:00+00:00,-2.1065256999999996e-08,0.04211276707115202,5.052712079540631e-08,0,False,False,False
2017-09-06 07:14:00+00:00,-1.5905902e-08,0.040240283351477196,4.5199962272306186e-08,0,False,False,False
2017-09-06 07:15:00+00:00,-1.2394675000000002e-08,0.03684632176002161,3.917622220478379e-08,0,False,False,False
2017-09-06 07:16:00+00:00,-9.116599999999998e-09,0.03573863355128011,3.271002674637455e-08,0,False,False,False
2017-09-06 07:17:00+00:00,-6.2043008e-09,0.03444340311230537,2.5852264472725736e-08,0,False,False,False
2017-09-06 07:18:00+00:00,-4.6106826000000005e-09,0.03078520717707673,1.8812083372227844e-08,0,False,False,False
2017-09-06 07:19:00+00:00,-3.1702806e-09,0.033533380145348186,1.1855588741304619e-08,0,False,False,False
2017-09-06 07:20:00+00:00,2.0433923e-08,0.11019631460619683,9.108943536714502e-09,0,False,False,False
2017-09-06 07:21:00+00:00,3.8252292000000004e-08,0.13065137079979455,9.56871580536131e-09,0,False,False,False
2017-09-06 07:22:00+00:00,3.2365924799999996e-08,0.11445376587723241,9.844927881891994e-09,0,False,False,False
2017-09-06 07:23:00+00:00,2.0434833599999997e-08,0.08636319818623354,8.81534162810053e-09,0,False,False,False
2017-09-06 07:24:00+00:00,1.22814286e-08,0.06779591092756093,6.584864673009993e-09,0,False,False,False
2017-09-06 07:25:00+00:00,-1.4620835000000001e-08,0.05621449634265122,3.5654981114651468e-09,0,False,False,False
2017-09-06 07:26:00+00:00,-3.422812520000001e-08,0.05151532799596638,-1.0696383315847406e-10,0,False,False,False
2017-09-06 07:27:00+00:00,-2.8932212000000002e-08,0.05091634375098596,-4.2192479614682835e-09,0,False,False,False
2017-09-06 07:28:00+00:00,-1.6799458999999998e-08,0.050411491074776556,-8.31224425151297e-09,0,False,False,False
2017-09-06 07:29:00+00:00,-7.439711999999998e-09,0.05637969929941429,-1.1816853865263801e-08,0,False,False,False
2017-09-06 07:30:00+00:00,-1.6575089999999984e-09,0.06210755354609188,-1.4973793109408085e-08,0,False,False,False
2017-09-06 07:31:00+00:00,1.5945871199999998e-08,0.11933779230789464,-1.6366712531571396e-08,0,False,False,False
2017-09-06 07:32:00+00:00,6.6039934e-08,0.1933289336523322,-1.2115967046206162e-08,0,False,False,False
2017-09-06 07:33:00+00:00,7.689851900000001e-08,0.1770382093886941,-5.159145346217735e-09,0,False,False,False
2017-09-06 07:34:00+00:00,6.7130002e-08,0.1545202601759854,1.8881219648948664e-09,0,False,False,False
2017-09-06 07:35:00+00:00,5.5204659999999995e-08,0.13667634926388617,9.997983333383636e-09,0,False,False,False
2017-09-06 07:36:00+00:00,3.5696082000000004e-08,0.1283385507833102,1.956061232269067e-08,0,False,False,False
2017-09-06 07:37:00+00:00,-1.5778733999999993e-08,0.12090333698371783,3.0272270060808735e-08,0,False,False,False
2017-09-06 07:38:00+00:00,-2.942789e-08,0.11309446625087918,4.0400725437180234e-08,0,False,False,False
2017-09-06 07:39:00+00:00,-2.3790728000000004e-08,0.10614889834763021,4.9598216647125067e-08,0,False,False,False
2017-09-06 07:40:00+00:00,-1.8042435999999997e-08,0.09915457646913206,5.697468181010061e-08,0,False,False,False
2017-09-06 07:41:00+00:00,-2.1022862e-08,0.09093038776576189,6.156194174640672e-08,0,False,False,False
2017-09-06 07:42:00+00:00,-2.1192728000000006e-08,0.08873400787435409,6.378605075142444e-08,0,False,False,False
2017-09-06 07:43:00+00:00,-1.9770496000000004e-08,0.084289778759928,6.456378564057564e-08,0,False,False,False
2017-09-06 07:44:00+00:00,-2.0783958e-08,0.07920996777538378,6.345291375559558e-08,0,False,False,False
2017-09-06 07:45:00+00:00,-1.8618658e-08,0.07721361920886265,6.035286211516317e-08,0,False,False,False
2017-09-06 07:46:00+00:00,-1.3650370000000002e-08,0.07540248476632719,5.5525699617009395e-08,0,False,False,False
2017-09-06 07:47:00+00:00,-1.2245092e-08,0.07615403683128338,4.9117172948961184e-08,0,False,False,False
2017-09-06 07:48:00+00:00,-1.0585768000000002e-08,0.07775354493632192,4.1646049451550737e-08,0,False,False,False
2017-09-06 07:49:00+00:00,-7.076354000000001e-09,0.07746891175519705,3.355683404781193e-08,0,False,False,False
2017-09-06 07:50:00+00:00,-3.3007840000000003e-09,0.07847932193769648,2.9465187674519596e-08,0,False,False,False
2017-09-06 07:51:00+00:00,2.543460000000026e-10,0.08041420145545665,2.8631594584989578e-08,0,False,False,False
2017-09-06 07:52:00+00:00,6.558559999999992e-10,0.07878369354582473,2.7289894742949645e-08,0,False,False,False
2017-09-06 07:53:00+00:00,1.1203600000000348e-10,0.0776844926684124,2.4308933815811056e-08,0,False,False,False
2017-09-06 07:54:00+00:00,-1.0719020000000025e-09,0.07491664883934418,1.9615647521415018e-08,0,False,False,False
2017-09-06 07:55:00+00:00,-2.3366820000000034e-09,0.07461936889422673,1.3553233290922769e-08,0,False,False,False
2017-09-06 07:56:00+00:00,-7.085420000000001e-10,0.08126631981847349,6.541665005026759e-09,0,False,False,False
2017-09-06 07:57:00+00:00,5.121500000000002e-09,0.09061899605817214,-8.47298529743715e-10,0,False,False,False
2017-09-06 07:58:00+00:00,1.1847824000000001e-08,0.10080642146907463,-8.16291122829475e-09,0,False,False,False
2017-09-06 07:59:00+00:00,1.4706830000000003e-08,0.10328805205479367,-1.545527076502728e-08,0,False,False,False
2017-09-06 08:00:00+00:00,1.4518186000000001e-08,0.10099625024221719,-2.294443372817403e-08,0,False,False,False
2017-09-06 08:01:00+00:00,1.2499442e-08,0.10139547119664548,-2.898860981790965e-08,0,False,False,False
2017-09-06 08:02:00+00:00,6.794452e-09,0.09999071869986065,-2.9554127606542428e-08,0,False,False,False
2017-09-06 08:03:00+00:00,-5.747080000000004e-10,0.09749166237561979,-2.7047691968845512e-08,0,False,False,False
2017-09-06 08:04:00+00:00,-2.5889099999999995e-09,0.09213350253122743,-2.3284434841879114e-08,0,False,False,False
2017-09-06 08:05:00+00:00,-5.499997999999998e-09,0.08666746680528217,-2.027157738924551e-08,0,False,False,False
2017-09-06 08:06:00+00:00,-9.147486000000002e-09,0.08467551585159755,-1.7953263919516802e-08,0,False,False,False
2017-09-06 08:07:00+00:00,-1.038259e-08,0.08299044274389261,-1.5660866873105214e-08,0,False,False,False
2017-09-06 08:08:00+00:00,-1.1200748000000003e-08,0.08013543113576156,-1.3430809605811733e-08,0,False,False,False
2017-09-06 08:09:00+00:00,-1.2163338000000005e-08,0.07821165947965925,-1.0981938690126315e-08,0,False,False,False
2017-09-06 08:10:00+00:00,-1.0142471999999999e-08,0.07634938428760474,-8.994181909446189e-09,0,False,False,False
2017-09-06 08:11:00+00:00,-6.921928000000002e-09,0.07817220644746901,-7.977047164192343e-09,0,False,False,False
2017-09-06 08:12:00+00:00,-4.896524000000004e-09,0.07783064564423181,-7.296527382195672e-09,0,False,False,False
2017-09-06 08:13:00+00:00,-4.005695999999999e-09,0.07436052067116126,-6.515557716810666e-09,0,False,False,False
2017-09-06 08:14:00+00:00,-3.824319999999996e-09,0.07185552227663755,-6.425359017311234e-09,0,False,False,False
2017-09-06 08:15:00+00:00,-5.083954000000002e-09,0.06658967031252991,-7.561511888267297e-09,0,False,False,False
2017-09-06 08:16:00+00:00,-6.567656000000001e-09,0.06464279737646401,-9.565236709916748e-09,0,False,False,False
2017-09-06 08:17:00+00:00,-9.101761999999998e-09,0.05842701489510936,-1.2673217889673181e-08,0,False,False,False
2017-09-06 08:18:00+00:00,-9.157174e-09,0.05561539370450153,-1.636363010581688e-08,0,False,False,False
2017-09-06 08:19:00+00:00,-8.066502e-09,0.05686087335508425,-2.0161188317094584e-08,0,False,False,False
2017-09-06 08:20:00+00:00,-4.781157999999999e-09,0.06043085742048758,-2.3454527600148097e-08,0,False,False,False
2017-09-06 08:21:00+00:00,-2.988603199999999e-09,0.06403208638934078,-2.6277833872878135e-08,0,False,False,False
2017-09-06 08:22:00+00:00,-6.540399999999999e-10,0.06396203803219647,-2.9110279775726286e-08,0,False,False,False
2017-09-06 08:23:00+00:00,1.1270079999999994e-09,0.06611921089840171,-3.187766646983107e-08,0,False,False,False
2017-09-06 08:24:00+00:00,3.6063079999999995e-09,0.07492718031350078,-3.43700779192657e-08,0,False,False,False
2017-09-06 08:25:00+00:00,4.570411e-09,0.07916913468058928,-3.6403947383855664e-08,0,False,False,False
2017-09-06 08:26:00+00:00,6.4041472e-09,0.08409074938208032,-3.7346087512734196e-08,0,False,False,False
2017-09-06 08:27:00+00:00,6.994599999999998e-09,0.08093155014941815,-3.693507210679973e-08,0,False,False,False
2017-09-06 08:28:00+00:00,5.223242e-09,0.07537544163573705,-3.5492044463536635e-08,0,False,False,False
2017-09-06 08:29:00+00:00,3.233259999999998e-09,0.07612106005999456,-3.356001906234312e-08,0,False,False,False
2017-09-06 08:30:00+00:00,7.302243000000003e-09,0.08207954294861963,-2.9548862691947416e-08,0,False,False,False
2017-09-06 08:31:00+00:00,8.306671e-08,0.16327937319461602,-1.4314951611644022e-08,0,False,False,False
2017-09-06 08:32:00+00:00,1.6095560799999998e-07,0.1876407914212953,1.1094839027382388e-08,0,False,False,False
2017-09-06 08:33:00+00:00,2.40606776e-07,0.19937061769618836,4.585090532706814e-08,0,False,False,False
2017-09-06 08:34:00+00:00,3.18605282e-07,0.20627058234531012,8.990076887658365e-08,0,False,False,False
2017-09-06 08:35:00+00:00,3.91170402e-07,0.21081447187283114,1.414797219714396e-07,0,False,False,False
2017-09-06 08:36:00+00:00,,,,0,False,False,False
2017-09-06 08:37:00+00:00,,,,0,False,False,False
2017-09-06 08:38:00+00:00,,,,0,False,False,False
2017-09-06 08:39:00+00:00,,,,0,False,False,False
2017-09-06 08:40:00+00:00,,,,0,False,False,False
2017-09-06 08:41:00+00:00,,,,0,False,False,False
2017-09-06 08:42:00+00:00,,,,0,False,False,False
2017-09-06 08:43:00+00:00,,,,0,False,False,False
2017-09-06 08:44:00+00:00,,,,0,False,False,False
2017-09-06 08:45:00+00:00,,,,0,False,False,False
2017-09-06 08:46:00+00:00,,,,0,False,False,False
2017-09-06 08:47:00+00:00,,,,0,False,False,False
2017-09-06 08:48:00+00:00,,,,0,False,False,False
2017-09-06 08:49:00+00:00,,,,0,False,False,False
2017-09-06 08:50:00+00:00,,,,0,False,False,False
2017-09-06 08:51:00+00:00,,,,0,False,False,False
2017-09-06 08:52:00+00:00,,,,0,False,False,False
2017-09-06 08:53:00+00:00,,,,0,False,False,False
2017-09-06 08:54:00+00:00,,,,0,False,False,False
2017-09-06 08:55:00+00:00,,,,0,False,False,False
2017-09-06 08:56:00+00:00,,,,0,False,False,False
2017-09-06 08:57:00+00:00,,,,0,False,False,False
2017-09-06 08:58:00+00:00,,,,0,False,False,False
2017-09-06 08:59:00+00:00,,,,0,False,False,False
2017-09-06 09:00:00+00:00,,,,0,False,False,False
2017-09-06 09:01:00+00:00,,,,0,False,False,False
2017-09-06 09:02:00+00:00,,,,0,False,False,False
2017-09-06 09:03:00+00:00,,,,0,False,False,False
2017-09-06 09:04:00+00:00,,,,0,False,False,False
2017-09-06 09:05:00+00:00,,,,0,False,False,False
2017-09-06 09:06:00+00:00,,,,0,False,False,False
2017-09-06 09:07:00+00:00,,,,0,False,False,False
2017-09-06 09:08:00+00:00,,,,0,False,False,False
2017-09-06 09:09:00+00:00,,,,0,False,False,False
2017-09-06 09:10:00+00:00,,,,0,False,False,False
2017-09-06 09:11:00+00:00,,,,0,False,False,False
2017-09-06 09:12:00+00:00,,,,0,False,False,False
2017-09-06 09:13:00+00:00,,,,0,False,False,False
2017-09-06 09:14:00+00:00,,,,0,False,False,False
2017-09-06 09:15:00+00:00,,,,0,False,False,False
2017-09-06 09:16:00+00:00,,,,0,False,False,False
2017-09-06 09:17:00+00:00,,,,0,False,False,False
2017-09-06 09:18:00+00:00,,,,0,False,False,False
2017-09-06 09:19:00+00:00,,,,0,False,False,False
2017-09-06 09:20:00+00:00,,,,0,False,False,False
2017-09-06 09:21:00+00:00,,,,0,False,False,False
2017-09-06 09:22:00+00:00,,,,0,False,False,False
2017-09-06 09:23:00+00:00,,,,0,False,False,False
2017-09-06 09:24:00+00:00,,,,0,False,False,False
2017-09-06 09:25:00+00:00,,,,0,False,False,False
2017-09-06 09:26:00+00:00,,,,0,False,False,False
2017-09-06 09:27:00+00:00,,,,0,False,False,False
2017-09-06 09:28:00+00:00,,,,0,False,False,False
2017-09-06 09:29:00+00:00,,,,0,False,False,False
2017-09-06 09:30:00+00:00,,0.23077593594526527,,0,False,False,False
2017-09-06 09:31:00+00:00,,0.22073127546220755,,0,False,False,False
2017-09-06 09:32:00+00:00,,0.212153921443524,,0,False,False,False
2017-09-06 09:33:00+00:00,,0.2052162360327821,,0,False,False,False
2017-09-06 09:34:00+00:00,,0.2009083292216376,,0,False,False,False
2017-09-06 09:35:00+00:00,-1.6355555999999995e-06,0.19723650785909091,,0,False,False,False
2017-09-06 09:36:00+00:00,-1.4059148e-06,0.19482291296196516,,0,False,False,False
2017-09-06 09:37:00+00:00,-1.1486683999999996e-06,0.19343344742589713,,0,False,False,False
2017-09-06 09:38:00+00:00,-9.288286000000002e-07,0.19112125681006953,,0,False,False,False
2017-09-06 09:39:00+00:00,-8.136664000000001e-07,0.18776106580431393,,0,False,False,False
2017-09-06 09:40:00+00:00,-7.270024000000002e-07,0.18364511439989806,,0,False,False,False
2017-09-06 09:41:00+00:00,-6.708276e-07,0.17966111487941866,,0,False,False,False
2017-09-06 09:42:00+00:00,-6.545492000000002e-07,0.17626493935630871,,0,False,False,False
2017-09-06 09:43:00+00:00,-6.323359999999998e-07,0.1729694243162302,,0,False,False,False
2017-09-06 09:44:00+00:00,-5.892870000000001e-07,0.1699312183587796,,0,False,False,False
2017-09-06 09:45:00+00:00,-5.157112000000002e-07,0.16785743380057172,,0,False,False,False
2017-09-06 09:46:00+00:00,-4.43494e-07,0.166213472250986,,0,False,False,False
2017-09-06 09:47:00+00:00,-3.834495999999998e-07,0.16436096191030003,,0,False,False,False
2017-09-06 09:48:00+00:00,-3.3942290000000015e-07,0.16230775821168414,,0,False,False,False
2017-09-06 09:49:00+00:00,-3.134890999999998e-07,0.15939830984446926,,0,False,False,False
2017-09-06 09:50:00+00:00,-3.1035119999999977e-07,0.1565864850863293,,0,False,False,False
2017-09-06 09:51:00+00:00,-3.110236400000001e-07,0.1539682682981554,,0,False,False,False
2017-09-06 09:52:00+00:00,-3.126949000000001e-07,0.15084730956467554,,0,False,False,False
2017-09-06 09:53:00+00:00,-2.9718939999999997e-07,0.14840168040507296,,0,False,False,False
2017-09-06 09:54:00+00:00,-2.713957600000002e-07,0.1462974639042458,,0,False,False,False
2017-09-06 09:55:00+00:00,-2.5800092000000017e-07,0.14387123142097483,,0,False,False,False
2017-09-06 09:56:00+00:00,-2.489296199999999e-07,0.1413787671226576,,0,False,False,False
2017-09-06 09:57:00+00:00,-2.335833000000001e-07,0.13888002374271213,,0,False,False,False
2017-09-06 09:58:00+00:00,-2.3638969999999996e-07,0.1360840082600158,,0,False,False,False
2017-09-06 09:59:00+00:00,-2.5108854000000006e-07,0.1326072484907943,-1.9029664791111962e-06,0,False,False,False
2017-09-06 10:00:00+00:00,-2.539130799999999e-07,0.1294431750645599,-1.7582224013869166e-06,0,False,False,False
2017-09-06 10:01:00+00:00,-2.420913400000001e-07,0.12686059615446907,-1.6218323125520668e-06,0,False,False,False
2017-09-06 10:02:00+00:00,-2.4254008e-07,0.12391265783247547,-1.501630358425964e-06,0,False,False,False
2017-09-06 10:03:00+00:00,-2.394406e-07,0.12089599852755598,-1.4007683956746457e-06,0,False,False,False
2017-09-06 10:04:00+00:00,-2.1896679999999994e-07,0.11859329845314631,-1.314632375417935e-06,0,False,False,False
2017-09-06 10:05:00+00:00,-2.0111750000000003e-07,0.11658037049511588,-1.2423449539913767e-06,0,False,False,False
2017-09-06 10:06:00+00:00,-1.9984385999999997e-07,0.11468238555664341,-1.182584244647149e-06,0,False,False,False
2017-09-06 10:07:00+00:00,-1.9008963999999994e-07,0.11267890663335053,-1.1314639140891306e-06,0,False,False,False
2017-09-06 10:08:00+00:00,-1.7146036e-07,0.11105042036371829,-1.0856899405313355e-06,0,False,False,False
2017-09-06 10:09:00+00:00,-1.5250888e-07,0.11002461879467466,-1.044806128801397e-06,0,False,False,False
2017-09-06 10:10:00+00:00,-1.4630522000000007e-07,0.10818390212869636,-1.0093654655227487e-06,0,False,False,False
2017-09-06 10:11:00+00:00,-1.4000287999999995e-07,0.10646398189870707,-9.790611465530862e-07,0,False,False,False
2017-09-06 10:12:00+00:00,-1.3202534000000003e-07,0.10468646966194903,-9.546836744229706e-07,0,False,False,False
2017-09-06 10:13:00+00:00,-1.3027578e-07,0.10289466177839011,-9.351901519785133e-07,0,False,False,False
2017-09-06 10:14:00+00:00,-1.2900105999999998e-07,0.1017186045872285,-9.190488121733406e-07,0,False,False,False
2017-09-06 10:15:00+00:00,-1.1514748e-07,0.10089526902752734,-9.023253210292228e-07,0,False,False,False
2017-09-06 10:16:00+00:00,-1.0681634000000004e-07,0.09939909818277538,-8.848661067515607e-07,0,False,False,False
2017-09-06 10:17:00+00:00,-9.759742000000001e-08,0.09796702817048421,-8.670554479693729e-07,0,False,False,False
2017-09-06 10:18:00+00:00,-9.124416e-08,0.09616578328282682,-8.499556434172936e-07,0,False,False,False
2017-09-06 10:19:00+00:00,-9.175189999999995e-08,0.09450485851380727,-8.341591588047692e-07,0,False,False,False
2017-09-06 10:20:00+00:00,-9.760676000000001e-08,0.0925299725168289,-8.186294684334346e-07,0,False,False,False
2017-09-06 10:21:00+00:00,-9.815725999999997e-08,0.0907041300742147,-8.031180615460741e-07,0,False,False,False
2017-09-06 10:22:00+00:00,-9.848303999999996e-08,0.08896215699927074,-7.876395471365491e-07,0,False,False,False
2017-09-06 10:23:00+00:00,-9.497665999999998e-08,0.08735313623454212,-7.708012377392541e-07,0,False,False,False
2017-09-06 10:24:00+00:00,-9.276476000000001e-08,0.08560965827319512,-7.532681676357736e-07,0,False,False,False
2017-09-06 10:25:00+00:00,-8.670095999999996e-08,0.08402863675813757,-7.349820818390973e-07,0,False,False,False
2017-09-06 10:26:00+00:00,-7.762278000000003e-08,0.08296154996239649,-7.153739060670464e-07,0,False,False,False
2017-09-06 10:27:00+00:00,-6.881962000000003e-08,0.0820960680757864,-6.942388826260478e-07,0,False,False,False
2017-09-06 10:28:00+00:00,-6.075310000000003e-08,0.08129470373666531,-6.724092060627802e-07,0,False,False,False
2017-09-06 10:29:00+00:00,-4.7199919999999993e-08,0.08116963538196403,-6.507579842244042e-07,0,False,False,False
2017-09-06 10:30:00+00:00,-3.0509159999999984e-08,0.08227305491955236,-6.283643234915047e-07,0,False,False,False
2017-09-06 10:31:00+00:00,-2.5379519999999996e-08,0.08173605362136874,-6.03155069049001e-07,0,False,False,False
2017-09-06 10:32:00+00:00,-2.5934519999999986e-08,0.0804943122221175,-5.781419856052996e-07,0,False,False,False
2017-09-06 10:33:00+00:00,-2.918293999999998e-08,0.0789007155113787,-5.543663228035863e-07,0,False,False,False
2017-09-06 10:34:00+00:00,-3.2974540000000034e-08,0.07801270144424739,-5.311588611033781e-07,0,False,False,False
2017-09-06 10:35:00+00:00,-4.470552e-08,0.07668613756567867,-5.083082495309338e-07,0,False,False,False
2017-09-06 10:36:00+00:00,-5.113022e-08,0.07481492116660533,-4.868375785397022e-07,0,False,False,False
2017-09-06 10:37:00+00:00,-5.198713999999999e-08,0.07324443902710472,-4.675771082549831e-07,0,False,False,False
2017-09-06 10:38:00+00:00,-5.1227720000000004e-08,0.07193911780671207,-4.500721824928702e-07,0,False,False,False
2017-09-06 10:39:00+00:00,-5.553895999999998e-08,0.07053524954418597,-4.3361337041281424e-07,0,False,False,False
2017-09-06 10:40:00+00:00,-5.263300000000003e-08,0.0701409431927527,-4.184470519190184e-07,0,False,False,False
2017-09-06 10:41:00+00:00,-4.3342299999999995e-08,0.07031566463277632,-4.0433651368031636e-07,0,False,False,False
2017-09-06 10:42:00+00:00,-3.4882140000000006e-08,0.07040737117419713,-3.912850906944023e-07,0,False,False,False
2017-09-06 10:43:00+00:00,-2.596178000000002e-08,0.07102114164758243,-3.799533983480277e-07,0,False,False,False
2017-09-06 10:44:00+00:00,-1.6705279999999993e-08,0.07151348006905855,-3.6932960639985703e-07,0,False,False,False
2017-09-06 10:45:00+00:00,-1.5178279999999982e-08,0.07135543784446198,-3.58771058523574e-07,0,False,False,False
2017-09-06 10:46:00+00:00,-1.420901999999999e-08,0.07191783791915847,-3.486107441067492e-07,0,False,False,False
2017-09-06 10:47:00+00:00,-1.4407079999999999e-08,0.07217548232666504,-3.3880294212231915e-07,0,False,False,False
2017-09-06 10:48:00+00:00,-1.1581979999999963e-08,0.07325221110229015,-3.291149685687403e-07,0,False,False,False
2017-09-06 10:49:00+00:00,-9.047560000000025e-09,0.07393782748788705,-3.19636221565077e-07,0,False,False,False
2017-09-06 10:50:00+00:00,-6.4320199999999966e-09,0.07394788656092573,-3.104347517002479e-07,0,False,False,False
2017-09-06 10:51:00+00:00,-4.967099999999997e-09,0.07429653867290884,-3.0169733311982813e-07,0,False,False,False
2017-09-06 10:52:00+00:00,-6.422320000000004e-09,0.07364363647879844,-2.9384198471327484e-07,0,False,False,False
2017-09-06 10:53:00+00:00,-1.2553620000000035e-08,0.07263284141009577,-2.8676438850055226e-07,0,False,False,False
2017-09-06 10:54:00+00:00,-1.759551999999998e-08,0.07165720829850368,-2.8066912894127976e-07,0,False,False,False
2017-09-06 10:55:00+00:00,-2.106494000000002e-08,0.07021050896134264,-2.745696433931244e-07,0,False,False,False
2017-09-06 10:56:00+00:00,-2.876868000000002e-08,0.06858178517240772,-2.6922443325914455e-07,0,False,False,False
2017-09-06 10:57:00+00:00,-3.1864799999999984e-08,0.06736068079690666,-2.649170105880909e-07,0,False,False,False
2017-09-06 10:58:00+00:00,-3.309295999999999e-08,0.066286190236196,-2.6125963663449936e-07,0,False,False,False
2017-09-06 10:59:00+00:00,-3.364674e-08,0.06538223843140639,-2.5719248965586435e-07,0,False,False,False
2017-09-06 11:00:00+00:00,-3.3184679999999986e-08,0.06454856451394504,-2.5210234339581936e-07,0,False,False,False
2017-09-06 11:01:00+00:00,-1.6623539999999986e-08,0.06745022556101757,-2.4460855656009135e-07,0,False,False,False
2017-09-06 11:02:00+00:00,2.897611999999996e-08,0.07837490753389832,-2.3197793043123217e-07,0,False,False,False
2017-09-06 11:03:00+00:00,1.0593218e-07,0.0960945339384661,-2.1140203539901424e-07,0,False,False,False
2017-09-06 11:04:00+00:00,1.436255e-07,0.10157226820479079,-1.8532733146952472e-07,0,False,False,False
2017-09-06 11:05:00+00:00,1.4426256000000002e-07,0.09873378913631846,-1.5792575864296072e-07,0,False,False,False
2017-09-06 11:06:00+00:00,1.2538504e-07,0.09548307996817475,-1.3135337845643487e-07,0,False,False,False
2017-09-06 11:07:00+00:00,6.801114000000003e-08,0.09102032519358443,-1.0768056944945501e-07,0,False,False,False
2017-09-06 11:08:00+00:00,-1.8363399999999992e-08,0.0874040790371011,-8.74681168944285e-08,0,False,False,False
2017-09-06 11:09:00+00:00,-5.959946000000002e-08,0.08526496522615161,-7.028677363338398e-08,0,False,False,False
2017-09-06 11:10:00+00:00,-5.4177239999999987e-08,0.08590149056539825,-5.4759337612605573e-08,0,False,False,False
2017-09-06 11:11:00+00:00,-5.0987919999999994e-08,0.08429605695344142,-4.0859515780343096e-08,0,False,False,False
2017-09-06 11:12:00+00:00,-3.8733740000000024e-08,0.0827306189826992,-2.836134710673655e-08,0,False,False,False
2017-09-06 11:13:00+00:00,-1.136064e-08,0.08575317281828611,-1.605941093157981e-08,0,False,False,False
2017-09-06 11:14:00+00:00,1.1245860000000037e-08,0.0891149275442063,-3.769074716402173e-09,0,False,False,False
2017-09-06 11:15:00+00:00,-8.984000000000235e-10,0.08629947926126855,5.926964937281974e-09,0,False,False,False
2017-09-06 11:16:00+00:00,-1.1754559999999997e-08,0.08212646817500813,1.2061206587722283e-08,0,False,False,False
2017-09-06 11:17:00+00:00,-2.2294919999999977e-08,0.07821694681950069,1.4388465638427002e-08,0,False,False,False
2017-09-06 11:18:00+00:00,-5.265358000000002e-08,0.07368408406006718,1.3259567277601629e-08,0,False,False,False
2017-09-06 11:19:00+00:00,-8.516152000000001e-08,0.06898289270226919,8.887604394026141e-09,0,False,False,False
2017-09-06 11:20:00+00:00,-9.248862e-08,0.06436216158859481,1.0924899550332687e-09,0,False,False,False
2017-09-06 11:21:00+00:00,-8.970350000000002e-08,0.06076396054133608,-9.711319607281184e-09,0,False,False,False
2017-09-06 11:22:00+00:00,-8.502224e-08,0.057758907520193865,-2.3559359738075888e-08,0,False,False,False
2017-09-06 11:23:00+00:00,-7.528704599999999e-08,0.055749189653313644,-3.9998750838542725e-08,0,False,False,False
2017-09-06 11:24:00+00:00,-6.205210000000002e-08,0.05468128009392164,-5.8146935436861246e-08,0,False,False,False
2017-09-06 11:25:00+00:00,-4.5504869999999994e-08,0.054875902763583194,-7.699788492197804e-08,0,False,False,False
2017-09-06 11:26:00+00:00,-2.726076999999999e-08,0.05656778785120967,-9.648221409990427e-08,0,False,False,False
2017-09-06 11:27:00+00:00,-1.452908e-08,0.05703124981800579,-1.1718337291677421e-07,0,False,False,False
2017-09-06 11:28:00+00:00,-6.749634000000005e-09,0.057111207751084594,-1.3947163972172454e-07,0,False,False,False
2017-09-06 11:29:00+00:00,-4.878049999999984e-09,0.05658232661593185,-1.6379976531737808e-07,0,False,False,False
2017-09-06 11:30:00+00:00,-6.277269999999992e-09,0.0565337617674871,-1.9032812699477451e-07,0,False,False,False
2017-09-06 11:31:00+00:00,-1.3235240000000013e-08,0.0561402534499398,-2.1691828003053638e-07,0,False,False,False
2017-09-06 11:32:00+00:00,-1.9163090000000006e-08,0.05496096725935233,-2.398740340010143e-07,0,False,False,False
2017-09-06 11:33:00+00:00,-2.1229072000000007e-08,0.05454473194634028,-2.54654339009706e-07,0,False,False,False
2017-09-06 11:34:00+00:00,-2.0092670000000014e-08,0.05428190860814089,-2.6287634228387346e-07,0,False,False,False
2017-09-06 11:35:00+00:00,-2.0156860000000015e-08,0.053633979215989364,-2.6803068275895913e-07,0,False,False,False
2017-09-06 11:36:00+00:00,-1.6423677999999985e-08,0.05426357960201707,-2.7088790263483724e-07,0,False,False,False
2017-09-06 11:37:00+00:00,-1.0920962000000012e-08,0.05460863767852796,-2.730970980234397e-07,0,False,False,False
2017-09-06 11:38:00+00:00,-3.906073999999986e-09,0.0566162005552544,-2.7405964488910564e-07,0,False,False,False
2017-09-06 11:39:00+00:00,4.568290000000006e-09,0.059890137895448864,-2.7294727087346987e-07,0,False,False,False
2017-09-06 11:40:00+00:00,8.978520000000006e-09,0.06091415239530528,-2.6969790667092084e-07,0,False,False,False
2017-09-06 11:41:00+00:00,5.177827999999985e-09,0.059241875023824615,-2.6524006211472037e-07,0,False,False,False
2017-09-06 11:42:00+00:00,-2.613199999999797e-10,0.05666172800896398,-2.598109341464375e-07,0,False,False,False
2017-09-06 11:43:00+00:00,-8.829546000000011e-09,0.05469692971170464,-2.5168011543013506e-07,0,False,False,False
2017-09-06 11:44:00+00:00,-1.9583979999999995e-08,0.052586161371235764,-2.402260195663657e-07,0,False,False,False
2017-09-06 11:45:00+00:00,-2.623793e-08,0.05000005343105229,-2.2781885238572986e-07,0,False,False,False
2017-09-06 11:46:00+00:00,-2.804199999999999e-08,0.04736299709136146,-2.1593915318268292e-07,0,False,False,False
2017-09-06 11:47:00+00:00,-2.8804124000000014e-08,0.044504098943049644,-2.0547415943181557e-07,0,False,False,False
2017-09-06 11:48:00+00:00,-2.9122967999999995e-08,0.042258405598376216,-1.9667946585251294e-07,0,False,False,False
2017-09-06 11:49:00+00:00,-2.7325270000000005e-08,0.04119632405046868,-1.8942733527967052e-07,0,False,False,False
2017-09-06 11:50:00+00:00,-2.5342258000000006e-08,0.039658305217218526,-1.840915661913569e-07,0,False,False,False
2017-09-06 11:51:00+00:00,-2.1837686000000003e-08,0.03889968760307491,-1.8063863536150324e-07,0,False,False,False
2017-09-06 11:52:00+00:00,-1.6824287999999995e-08,0.03840098044552386,-1.7866610706551817e-07,0,False,False,False
2017-09-06 11:53:00+00:00,-5.741027999999999e-09,0.04308190590941696,-1.7685661222012145e-07,0,False,False,False
2017-09-06 11:54:00+00:00,2.9384483999999997e-07,0.1667853139514796,-1.4512423868220667e-07,0,False,False,False
2017-09-06 11:55:00+00:00,1.8868642880000001e-06,0.2940676706237382,3.0659467398948247e-08,0,False,False,False
2017-09-06 11:56:00+00:00,1.5874532786e-05,0.4069852440905461,1.245702264177603e-06,0,False,False,False
2017-09-06 11:57:00+00:00,4.5643896444e-05,0.41866056715344735,4.636217415566925e-06,0,False,False,False
2017-09-06 11:58:00+00:00,6.556918126800001e-05,0.39673378112782826,9.602689492151686e-06,0,False,False,False
2017-09-06 11:59:00+00:00,7.536434827999999e-05,0.389088754233249,1.5145532934836134e-05,0,False,False,False
2017-09-06 12:00:00+00:00,8.692413900000001e-05,0.3897909661491585,2.1334811378449213e-05,0,False,False,False
2017-09-06 12:01:00+00:00,8.31353568e-05,0.3831375927267975,2.8005468563404623e-05,0,False,False,False
2017-09-06 12:02:00+00:00,5.134570599999999e-05,0.36320515492426314,3.4380932432104e-05,0,False,False,False
2017-09-06 12:03:00+00:00,1.9359604000000004e-05,0.33872589635114286,3.963904587927809e-05,0,False,False,False
2017-09-06 12:04:00+00:00,-1.8122860000000007e-06,0.3242581743254321,4.360025593965365e-05,0,False,False,False
2017-09-06 12:05:00+00:00,-2.2445410000000004e-05,0.3222080324390885,4.635429360975293e-05,0,False,False,False
2017-09-06 12:06:00+00:00,-3.8368352e-05,0.32506705280248516,4.80259071507083e-05,0,False,False,False
2017-09-06 12:07:00+00:00,-4.214564199999999e-05,0.322719579434413,4.8749333049891766e-05,0,False,False,False
2017-09-06 12:08:00+00:00,-3.625856e-05,0.3145861092355244,4.8607428937015976e-05,0,False,False,False
2017-09-06 12:09:00+00:00,-3.0702831999999994e-05,0.3062746839974564,4.767846274426041e-05,0,False,False,False
2017-09-06 12:10:00+00:00,-2.8158627999999998e-05,0.2999735453523412,4.600330742682097e-05,0,False,False,False
2017-09-06 12:11:00+00:00,-2.6643799999999997e-05,0.2956482904610398,4.364793028349441e-05,0,False,False,False
2017-09-06 12:12:00+00:00,-2.5181444000000003e-05,0.2860336516820486,4.067463729799194e-05,0,False,False,False
2017-09-06 12:13:00+00:00,-2.2589833999999998e-05,0.27589798803553867,3.71773947468199e-05,0,False,False,False
2017-09-06 12:14:00+00:00,-2.03958648e-05,0.2665893859784203,3.317530854386922e-05,0,False,False,False
2017-09-06 12:15:00+00:00,-1.8328108e-05,0.25822333719977913,2.871562471732274e-05,0,False,False,False
2017-09-06 12:16:00+00:00,-1.6340689999999997e-05,0.25139590402956535,2.386824396343061e-05,0,False,False,False
2017-09-06 12:17:00+00:00,-1.3978611000000002e-05,0.244891476035018,1.8665536836230825e-05,0,False,False,False
2017-09-06 12:18:00+00:00,-1.1928756000000003e-05,0.24151776327109084,1.314601324102139e-05,0,False,False,False
2017-09-06 12:19:00+00:00,-9.6830992e-06,0.24084350771453708,7.356935688932114e-06,0,False,False,False
2017-09-06 12:20:00+00:00,-7.542903999999999e-06,0.242237084913295,1.3403389976637734e-06,0,False,False,False
2017-09-06 12:21:00+00:00,-5.864816000000001e-06,0.24476512215440008,-4.877636502831515e-06,0,False,False,False
2017-09-06 12:22:00+00:00,-4.1404209999999985e-06,0.24817618436970953,-1.1255598533351984e-05,0,False,False,False
2017-09-06 12:23:00+00:00,-2.7346168e-06,0.2508688221298277,-1.7766467927903167e-05,0,False,False,False
2017-09-06 12:24:00+00:00,-1.641428999999999e-06,0.25442793635299926,-2.4364335704412862e-05,0,False,False,False
2017-09-06 12:25:00+00:00,-5.873289999999996e-07,0.26015902597830165,-3.0894635396230496e-05,0,False,False,False
2017-09-06 12:26:00+00:00,3.3453920000000083e-07,0.26514231006990313,-3.6370988512300416e-05,0,False,False,False
2017-09-06 12:27:00+00:00,8.728679999999995e-07,0.2682849170053802,-3.943101212567166e-05,0,False,False,False
2017-09-06 12:28:00+00:00,1.2053248000000014e-06,0.2695021036593313,-4.039273409866781e-05,0,False,False,False
2017-09-06 12:29:00+00:00,1.3761789999999993e-06,0.2698851821679395,-4.006546349141528e-05,0,False,False,False
2017-09-06 12:30:00+00:00,1.1304729999999995e-06,0.2684819650294943,-3.824288942451929e-05,0,False,False,False
2017-09-06 12:31:00+00:00,8.637648000000005e-07,0.2667087602771142,-3.494257440759257e-05,0,False,False,False
2017-09-06 12:32:00+00:00,6.138400000000016e-07,0.26387095459060206,-3.085695288869123e-05,0,False,False,False
2017-09-06 12:33:00+00:00,5.091339999999979e-07,0.26175677844631734,-2.682261896467384e-05,0,False,False,False
2017-09-06 12:34:00+00:00,2.453040000000001e-07,0.25740646415267915,-2.3117727124239866e-05,0,False,False,False
2017-09-06 12:35:00+00:00,2.1975799999999926e-07,0.25429296141365454,-1.974341110939206e-05,0,False,False,False
2017-09-06 12:36:00+00:00,-8.603700000000007e-08,0.2486768459109397,-1.668339111811809e-05,0,False,False,False
2017-09-06 12:37:00+00:00,-2.4250400000000213e-07,0.2437818751296095,-1.3878676963065672e-05,0,False,False,False
2017-09-06 12:38:00+00:00,-5.184359999999981e-07,0.23871763741454335,-1.1324004089474731e-05,0,False,False,False
2017-09-06 12:39:00+00:00,-6.304619999999989e-07,0.23377800650292946,-9.010921049756843e-06,0,False,False,False
2017-09-06 12:40:00+00:00,-8.448759999999983e-07,0.22936356725424178,-6.9582970352940605e-06,0,False,False,False
2017-09-06 12:41:00+00:00,-8.742638000000004e-07,0.22444496363041228,-5.162765224287273e-06,0,False,False,False
2017-09-06 12:42:00+00:00,-9.908719999999998e-07,0.21969922931597147,-3.6171638498722355e-06,0,False,False,False
2017-09-06 12:43:00+00:00,-1.0012636000000006e-06,0.21566479844136874,-2.270184279409811e-06,0,False,False,False
2017-09-06 12:44:00+00:00,-9.974836000000017e-07,0.211537914552089,-1.1450175352533033e-06,0,False,False,False
2017-09-06 12:45:00+00:00,-9.78008000000001e-07,0.20787330017902536,-2.2971294730262492e-07,0,False,False,False
2017-09-06 12:46:00+00:00,-9.795792000000003e-07,0.20377120506274934,5.025831756973307e-07,0,False,False,False
2017-09-06 12:47:00+00:00,-9.90217599999999e-07,0.19972431729176493,1.0527112593159513e-06,0,False,False,False
2017-09-06 12:48:00+00:00,-1.0410630000000008e-06,0.1959821732582455,1.4333652766797333e-06,0,False,False,False
2017-09-06 12:49:00+00:00,-1.057220399999999e-06,0.1925978824740455,1.6702504872557059e-06,0,False,False,False
2017-09-06 12:50:00+00:00,-1.1030028000000005e-06,0.1897600751999222,1.7868500662724586e-06,0,False,False,False
2017-09-06 12:51:00+00:00,-1.1054053999999993e-06,0.18666026667777555,1.7912878462982425e-06,0,False,False,False
2017-09-06 12:52:00+00:00,-1.0829454000000002e-06,0.18396198953810247,1.7126931475901003e-06,0,False,False,False
2017-09-06 12:53:00+00:00,-1.0370421999999991e-06,0.18185787072742549,1.5730510894850728e-06,0,False,False,False
2017-09-06 12:54:00+00:00,-1.0177888000000011e-06,0.17994826182781312,1.3808776730042273e-06,0,False,False,False
2017-09-06 12:55:00+00:00,-1.0428317999999993e-06,0.1782102562413604,1.1588817345736597e-06,0,False,False,False
2017-09-06 12:56:00+00:00,-1.0176096e-06,0.176759055069441,9.189013978787541e-07,0,False,False,False
2017-09-06 12:57:00+00:00,-9.644922000000008e-07,0.17573517567322158,6.648704721919465e-07,0,False,False,False
2017-09-06 12:58:00+00:00,-9.442556000000009e-07,0.17493295464598513,3.996858739268299e-07,0,False,False,False
2017-09-06 12:59:00+00:00,-9.478212e-07,0.17387884800428177,1.2353547759139034e-07,0,False,False,False
2017-09-06 13:00:00+00:00,-9.200174000000003e-07,0.17286521871112057,-1.6205828795372642e-07,0,False,False,False
2017-09-06 13:01:00+00:00,-9.25894000000001e-07,0.17164337569887206,-4.5033523786640737e-07,0,False,False,False
2017-09-06 13:02:00+00:00,-9.507204000000001e-07,0.1704883741176472,-7.377496734758178e-07,0,False,False,False
2017-09-06 13:03:00+00:00,-9.483561999999994e-07,0.16951305800887218,-1.0117799256487433e-06,0,False,False,False
2017-09-06 13:04:00+00:00,-9.195319999999991e-07,0.16847763694181828,-1.279304623335039e-06,0,False,False,False
2017-09-06 13:05:00+00:00,-8.872780000000006e-07,0.16743836362890951,-1.5255140325434486e-06,0,False,False,False
2017-09-06 13:06:00+00:00,-8.356189999999999e-07,0.16621593334233162,-1.7621093245854065e-06,0,False,False,False
2017-09-06 13:07:00+00:00,-8.094843999999996e-07,0.16479512751183564,-1.9810773813373304e-06,0,False,False,False
2017-09-06 13:08:00+00:00,-8.228264000000006e-07,0.1632210163620685,-2.185278252984316e-06,0,False,False,False
2017-09-06 13:09:00+00:00,-8.363854000000003e-07,0.1615199908582617,-2.3768121608835815e-06,0,False,False,False
2017-09-06 13:10:00+00:00,-8.368813999999999e-07,0.15998893452442417,-2.5495794754374865e-06,0,False,False,False
2017-09-06 13:11:00+00:00,-8.160706000000001e-07,0.158649625790465,-2.7051084886783985e-06,0,False,False,False
2017-09-06 13:12:00+00:00,-7.785988000000004e-07,0.15737530877777714,-2.843865996589767e-06,0,False,False,False
2017-09-06 13:13:00+00:00,-7.299389999999999e-07,0.15609546076056838,-2.9608283576275637e-06,0,False,False,False
2017-09-06 13:14:00+00:00,-6.606172000000001e-07,0.15499902198988877,-3.0538080628115017e-06,0,False,False,False
2017-09-06 13:15:00+00:00,-6.046971999999995e-07,0.15398597891654206,-3.1162110220632487e-06,0,False,False,False
2017-09-06 13:16:00+00:00,-5.906253999999995e-07,0.1525503442451664,-3.158398676762825e-06,0,False,False,False
2017-09-06 13:17:00+00:00,-6.012815999999995e-07,0.1508565995571816,-3.185081577392481e-06,0,False,False,False
2017-09-06 13:18:00+00:00,-5.939699999999993e-07,0.1493666495332755,-3.1928387379220906e-06,0,False,False,False
2017-09-06 13:19:00+00:00,-6.180320000000001e-07,0.147663593851204,-3.1825213517568634e-06,0,False,False,False
2017-09-06 13:20:00+00:00,-6.307854000000001e-07,0.14615209920824748,-3.1526083113764632e-06,0,False,False,False
2017-09-06 13:21:00+00:00,-6.056418000000001e-07,0.14484126432025113,-3.1066853918210903e-06,0,False,False,False
2017-09-06 13:22:00+00:00,-5.798432000000003e-07,0.14328497710715743,-3.0499346889721468e-06,0,False,False,False
2017-09-06 13:23:00+00:00,-5.896250000000003e-07,0.14147058149857925,-2.9825095866985088e-06,0,False,False,False
2017-09-06 13:24:00+00:00,-5.876918e-07,0.1395983130452827,-2.9080574844663625e-06,0,False,False,False
2017-09-06 13:25:00+00:00,-5.951506000000002e-07,0.1379173890683274,-2.8327612041011346e-06,0,False,False,False
2017-09-06 13:26:00+00:00,-6.097837999999999e-07,0.13636925506769243,-2.758582583486363e-06,0,False,False,False
2017-09-06 13:27:00+00:00,-6.048424e-07,0.13483485652098826,-2.6838212987562403e-06,0,False,False,False
2017-09-06 13:28:00+00:00,-5.786829999999999e-07,0.1334099654576555,-2.6093779903876306e-06,0,False,False,False
2017-09-06 13:29:00+00:00,-5.468507999999998e-07,0.13201661588429925,-2.5392243844072082e-06,0,False,False,False
2017-09-06 13:30:00+00:00,-5.358313999999998e-07,0.13049342600125471,-2.4752165486882087e-06,0,False,False,False
2017-09-06 13:31:00+00:00,-5.302135999999996e-07,0.12895566166317932,-2.4213688348174194e-06,0,False,False,False
2017-09-06 13:32:00+00:00,-5.140758000000002e-07,0.12760402676963678,-2.3750502428371075e-06,0,False,False,False
2017-09-06 13:33:00+00:00,-5.092043999999998e-07,0.1261935971327607,-2.3330051907255836e-06,0,False,False,False
2017-09-06 13:34:00+00:00,-5.117685999999995e-07,0.12467939455684011,-2.2966699312824697e-06,0,False,False,False
2017-09-06 13:35:00+00:00,-5.130534000000001e-07,0.12307262667556391,-2.2665406086080305e-06,0,False,False,False
2017-09-06 13:36:00+00:00,-5.223014000000006e-07,0.1213377830173285,-2.243912189692124e-06,0,False,False,False
2017-09-06 13:37:00+00:00,-5.358953999999994e-07,0.11973582113426182,-2.228777596136174e-06,0,False,False,False
2017-09-06 13:38:00+00:00,-5.359571999999999e-07,0.11828743474565237,-2.2204913622975974e-06,0,False,False,False
2017-09-06 13:39:00+00:00,-5.293728000000003e-07,0.11687300217943798,-2.2193535463717244e-06,0,False,False,False
2017-09-06 13:40:00+00:00,-5.141352e-07,0.11548357276746159,-2.223157981640044e-06,0,False,False,False
2017-09-06 13:41:00+00:00,-4.916349999999996e-07,0.11409183643926193,-2.2309129134650946e-06,0,False,False,False
2017-09-06 13:42:00+00:00,-4.815554000000003e-07,0.11261804707577555,-2.2429071747911005e-06,0,False,False,False
2017-09-06 13:43:00+00:00,-4.798586000000003e-07,0.11117122726168398,-2.258220108658532e-06,0,False,False,False
2017-09-06 13:44:00+00:00,-4.7199939999999993e-07,0.109846647616824,-2.2734733280434923e-06,0,False,False,False
2017-09-06 13:45:00+00:00,-4.5923229999999994e-07,0.10861169905605247,-2.286664719135195e-06,0,False,False,False
2017-09-06 13:46:00+00:00,-4.417533000000003e-07,0.10751651848930972,-2.2998129678401996e-06,0,False,False,False
2017-09-06 13:47:00+00:00,-4.1538840000000004e-07,0.10655682868524483,-2.3148048433048947e-06,0,False,False,False
2017-09-06 13:48:00+00:00,-3.9867289999999994e-07,0.10547299489505173,-2.330213888620067e-06,0,False,False,False
2017-09-06 13:49:00+00:00,-3.976568000000001e-07,0.104250398624467,-2.349032585328899e-06,0,False,False,False
2017-09-06 13:50:00+00:00,-3.9243769999999995e-07,0.10319491909240512,-2.366657006463515e-06,0,False,False,False
2017-09-06 13:51:00+00:00,-3.9065969999999995e-07,0.10218941416540982,-2.3820799316563957e-06,0,False,False,False
2017-09-06 13:52:00+00:00,-3.9242439999999994e-07,0.10121793423967992,-2.3972669119221354e-06,0,False,False,False
2017-09-06 13:53:00+00:00,-3.810891e-07,0.10035176354591223,-2.412352520037864e-06,0,False,False,False
2017-09-06 13:54:00+00:00,-3.581962e-07,0.09954484933446603,-2.4268355686304344e-06,0,False,False,False
2017-09-06 13:55:00+00:00,-3.402572e-07,0.09891623331935824,-2.4397266781839947e-06,0,False,False,False
2017-09-06 13:56:00+00:00,-3.205368000000001e-07,0.09840733356269915,-2.451060678120084e-06,0,False,False,False
2017-09-06 13:57:00+00:00,-3.0739919999999997e-07,0.09769170145198668,-2.4611403149796465e-06,0,False,False,False
2017-09-06 13:58:00+00:00,-2.990247999999999e-07,0.09692227510969424,-2.4685031813124185e-06,0,False,False,False
2017-09-06 13:59:00+00:00,-2.8857719999999986e-07,0.09632264289950418,-2.471678110573958e-06,0,False,False,False
2017-09-06 14:00:00+00:00,-2.692721999999999e-07,0.09612248606090397,-2.470139937300399e-06,0,False,False,False
2017-09-06 14:01:00+00:00,-2.5140599999999973e-07,0.09587925534726051,-2.4635475653580856e-06,0,False,False,False
2017-09-06 14:02:00+00:00,-2.3678680000000006e-07,0.09535013024547051,-2.4518271918413583e-06,0,False,False,False
2017-09-06 14:03:00+00:00,-2.1932940000000017e-07,0.0948737213242387,-2.4347006066665095e-06,0,False,False,False
2017-09-06 14:04:00+00:00,-1.9960049999999995e-07,0.09467893692047465,-2.4114364255781557e-06,0,False,False,False
2017-09-06 14:05:00+00:00,-1.8989160000000018e-07,0.09465115586180874,-2.3838408031943198e-06,0,False,False,False
2017-09-06 14:06:00+00:00,-1.9107972000000003e-07,0.09417990011149412,-2.354804803166098e-06,0,False,False,False
2017-09-06 14:07:00+00:00,-1.8843947999999998e-07,0.0934734128996929,-2.324369786620893e-06,0,False,False,False
2017-09-06 14:08:00+00:00,-1.8730573999999995e-07,0.0928016482844671,-2.291037122004781e-06,0,False,False,False
2017-09-06 14:09:00+00:00,-1.9119790000000024e-07,0.09232775327366462,-2.254746273319715e-06,0,False,False,False
2017-09-06 14:10:00+00:00,-1.9580159999999992e-07,0.09191715023124326,-2.2155978654279157e-06,0,False,False,False
2017-09-06 14:11:00+00:00,-1.8776418000000006e-07,0.09154267900608141,-2.1736334004500865e-06,0,False,False,False
2017-09-06 14:12:00+00:00,-1.7269211999999993e-07,0.0912626123919446,-2.129888568176041e-06,0,False,False,False
2017-09-06 14:13:00+00:00,-1.590087799999999e-07,0.0910287042656918,-2.0848052848019285e-06,0,False,False,False
2017-09-06 14:14:00+00:00,-1.4677759999999992e-07,0.09081275150518672,-2.036820038505201e-06,0,False,False,False
2017-09-06 14:15:00+00:00,-1.3944324000000004e-07,0.09050391058774698,-1.9861002254321484e-06,0,False,False,False
2017-09-06 14:16:00+00:00,-1.3302460000000005e-07,0.09022157209780599,-1.9325556311927445e-06,0,False,False,False
2017-09-06 14:17:00+00:00,-1.1624840000000007e-07,0.09054137358716834,-1.8745466842643943e-06,0,False,False,False
2017-09-06 14:18:00+00:00,-1.0437160000000003e-07,0.09058396371727458,-1.8145539612438944e-06,0,False,False,False
2017-09-06 14:19:00+00:00,-1.0840720000000004e-07,0.08991622848617624,-1.7566119548710453e-06,0,False,False,False
2017-09-06 14:20:00+00:00,-1.1130859999999996e-07,0.08913375046433951,-1.699762180283769e-06,0,False,False,False
2017-09-06 14:21:00+00:00,-1.1596503999999998e-07,0.08829069806413989,-1.6447485019648988e-06,0,False,False,False
2017-09-06 14:22:00+00:00,-1.3490866e-07,0.08751677642033545,-1.5932579680152018e-06,0,False,False,False
2017-09-06 14:23:00+00:00,-1.4541748000000006e-07,0.0871122705664519,-1.5449505084622111e-06,0,False,False,False
2017-09-06 14:24:00+00:00,-1.4116379999999992e-07,0.08660866614406883,-1.4986006060267538e-06,0,False,False,False
2017-09-06 14:25:00+00:00,-1.3619555999999998e-07,0.08609508363545706,-1.4546442315065063e-06,0,False,False,False
2017-09-06 14:26:00+00:00,-1.2528506000000006e-07,0.08581118899932234,-1.412256304449675e-06,0,False,False,False
2017-09-06 14:27:00+00:00,-1.1037482000000004e-07,0.08569497383269478,-1.3723013763259822e-06,0,False,False,False
2017-09-06 14:28:00+00:00,-9.369186e-08,0.08593735865636709,-1.3339762309843074e-06,0,False,False,False
2017-09-06 14:29:00+00:00,-7.145390000000014e-08,0.0866597999159519,-1.2960577192695136e-06,0,False,False,False
2017-09-06 14:30:00+00:00,-3.4418199999999995e-08,0.08825166896303092,-1.2546973089537701e-06,0,False,False,False
2017-09-06 14:31:00+00:00,5.486699999999983e-09,0.09046396832818392,-1.208775536034754e-06,0,False,False,False
2017-09-06 14:32:00+00:00,6.142900000000012e-08,0.09403204770877895,-1.1585775678162815e-06,0,False,False,False
2017-09-06 14:33:00+00:00,1.8425834e-07,0.10157191660177392,-1.093575159940784e-06,0,False,False,False
2017-09-06 14:34:00+00:00,3.171189000000001e-07,0.10878870578679187,-1.0095031168629823e-06,0,False,False,False
2017-09-06 14:35:00+00:00,3.9700743999999996e-07,0.1126911594112296,-9.101934361262126e-07,0,False,False,False
2017-09-06 14:36:00+00:00,3.8570224000000005e-07,0.11127221697931232,-8.050346322422053e-07,0,False,False,False
2017-09-06 14:37:00+00:00,2.9476877999999995e-07,0.10677671315589236,-7.030836412836231e-07,0,False,False,False
2017-09-06 14:38:00+00:00,1.3219498000000003e-07,0.10310333001740835,-6.070671187200717e-07,0,False,False,False
2017-09-06 14:39:00+00:00,3.290186000000003e-08,0.1049489987501103,-5.120422625942867e-07,0,False,False,False
2017-09-06 14:40:00+00:00,2.180449599999999e-07,0.12183466881402802,-3.994472136113355e-07,0,False,False,False
2017-09-06 14:41:00+00:00,3.3079006000000007e-07,0.1265668124472512,-2.758814211907991e-07,0,False,False,False
2017-09-06 14:42:00+00:00,3.9372209999999995e-07,0.12496243178282283,-1.5092849875989207e-07,0,False,False,False
2017-09-06 14:43:00+00:00,4.403359400000002e-07,0.12374636499875477,-3.0642310605913396e-08,0,False,False,False
2017-09-06 14:44:00+00:00,3.3603154e-07,0.12011960877629141,7.463520024330033e-08,0,False,False,False
2017-09-06 14:45:00+00:00,-8.541523999999995e-08,0.11264878610123151,1.5768414832776764e-07,0,False,False,False
2017-09-06 14:46:00+00:00,-3.526822e-07,0.10498753988467707,2.18216658528062e-07,0,False,False,False
2017-09-06 14:47:00+00:00,-4.7531359999999986e-07,0.09934656932004046,2.599235622549333e-07,0,False,False,False
2017-09-06 14:48:00+00:00,-5.642645200000002e-07,0.09495951995447381,2.8326631742783147e-07,0,False,False,False
2017-09-06 14:49:00+00:00,-5.646648000000001e-07,0.09173183480667259,2.8759003640269457e-07,0,False,False,False
2017-09-06 14:50:00+00:00,-4.4724621999999993e-07,0.09148242865438803,2.781853645177807e-07,0,False,False,False
2017-09-06 14:51:00+00:00,-2.9150240000000006e-07,0.09353050446304179,2.6047524328304116e-07,0,False,False,False
2017-09-06 14:52:00+00:00,-1.756118000000001e-07,0.09447296154935668,2.3516513418648133e-07,0,False,False,False
2017-09-06 14:53:00+00:00,-9.627119999999996e-08,0.09427759862238226,1.9982200104513506e-07,0,False,False,False
2017-09-06 14:54:00+00:00,-1.1747999999993097e-10,0.09640238903169668,1.588400758417517e-07,0,False,False,False
2017-09-06 14:55:00+00:00,4.744269999999989e-08,0.09828812138433984,1.1189746860797665e-07,0,False,False,False
2017-09-06 14:56:00+00:00,7.23078600000001e-08,0.10148630691363926,6.060671172009131e-08,0,False,False,False
2017-09-06 14:57:00+00:00,1.0455752000000005e-07,0.10477442345613158,4.888593293465391e-09,0,False,False,False
2017-09-06 14:58:00+00:00,1.6430960000000002e-07,0.10849939037339784,-5.311302480485035e-08,0,False,False,False
2017-09-06 14:59:00+00:00,1.3360777999999988e-07,0.1076822363783975,-1.1566301327851485e-07,0,False,False,False
2017-09-06 15:00:00+00:00,5.044531999999996e-08,0.1030398281327682,-1.8509575857661524e-07,0,False,False,False
2017-09-06 15:01:00+00:00,-2.327286000000016e-08,0.1001308298968973,-2.579697556671115e-07,0,False,False,False
2017-09-06 15:02:00+00:00,-6.952085999999996e-08,0.09937902143862405,-3.299920716521181e-07,0,False,False,False
2017-09-06 15:03:00+00:00,-1.6192962000000005e-07,0.09660429252010054,-3.950340592397593e-07,0,False,False,False
2017-09-06 15:04:00+00:00,-2.122379599999999e-07,0.09316609861290549,-4.499848380917529e-07,0,False,False,False
2017-09-06 15:05:00+00:00,-1.9949565999999996e-07,0.09037229317793828,-4.952441968427969e-07,0,False,False,False
2017-09-06 15:06:00+00:00,-1.9061653999999994e-07,0.08928157704063218,-5.35010799004432e-07,0,False,False,False
2017-09-06 15:07:00+00:00,-2.622594000000001e-07,0.08478135229313219,-5.843069209947252e-07,0,False,False,False
2017-09-06 15:08:00+00:00,-2.7958417999999994e-07,0.08162854771228564,-6.436432719805679e-07,0,False,False,False
2017-09-06 15:09:00+00:00,-2.7226802000000006e-07,0.07929937997862689,-7.05849029982771e-07,0,False,False,False
2017-09-06 15:10:00+00:00,-2.6111237999999994e-07,0.07795400126615676,-7.482326053603728e-07,0,False,False,False
2017-09-06 15:11:00+00:00,-2.6515895999999996e-07,0.07692927377485355,-7.731297869597887e-07,0,False,False,False
2017-09-06 15:12:00+00:00,-2.1652135999999994e-07,0.0759039615042354,-7.872810414097509e-07,0,False,False,False
2017-09-06 15:13:00+00:00,-1.8075133999999996e-07,0.07532696020308084,-7.940003635209094e-07,0,False,False,False
2017-09-06 15:14:00+00:00,-1.517456e-07,0.07491229489030621,-8.022141503324311e-07,0,False,False,False
2017-09-06 15:15:00+00:00,-1.3127112000000002e-07,0.0748095980782331,-8.182615564397845e-07,0,False,False,False
2017-09-06 15:16:00+00:00,-1.1355328e-07,0.07488943754911516,-8.432372429636843e-07,0,False,False,False
2017-09-06 15:17:00+00:00,-9.526069999999999e-08,0.0751955299552752,-8.762706024794619e-07,0,False,False,False
2017-09-06 15:18:00+00:00,-8.040614000000002e-08,0.0754915789821683,-9.17035178014892e-07,0,False,False,False
2017-09-06 15:19:00+00:00,-6.923082000000003e-08,0.07567468955381713,-9.648518564014563e-07,0,False,False,False
2017-09-06 15:20:00+00:00,-6.070344000000006e-08,0.07602464747473957,-1.0148299193856772e-06,0,False,False,False
2017-09-06 15:21:00+00:00,-5.4576040000000024e-08,0.07644056838688994,-1.0616350750443174e-06,0,False,False,False
2017-09-06 15:22:00+00:00,-5.0171860000000036e-08,0.0767538307595487,-1.1028888492358512e-06,0,False,False,False
2017-09-06 15:23:00+00:00,-4.684566000000004e-08,0.0768901413592873,-1.1398722905952121e-06,0,False,False,False
2017-09-06 15:24:00+00:00,-4.3718359999999964e-08,0.07696372656435721,-1.1682212326595863e-06,0,False,False,False
2017-09-06 15:25:00+00:00,-3.9296939999999985e-08,0.07715386343928989,-1.1864419433549197e-06,0,False,False,False
2017-09-06 15:26:00+00:00,-3.573331999999997e-08,0.0775034527047733,-1.194017988126303e-06,0,False,False,False
2017-09-06 15:27:00+00:00,-3.206463999999997e-08,0.07797241592115328,-1.1907823619499794e-06,0,False,False,False
2017-09-06 15:28:00+00:00,-2.9431799999999994e-08,0.07831397953029769,-1.1747600617179924e-06,0,False,False,False
2017-09-06 15:29:00+00:00,-2.7329500000000007e-08,0.07852407665378168,-1.1481790335191494e-06,0,False,False,False
2017-09-06 15:30:00+00:00,-2.8087399999999984e-08,0.0786319303639272,-1.115516340855462e-06,0,False,False,False
2017-09-06 15:31:00+00:00,-2.8090140000000014e-08,0.07877804643513804,-1.0746123474937337e-06,0,False,False,False
2017-09-06 15:32:00+00:00,-2.7515120000000037e-08,0.07893243185672359,-1.0229194030878237e-06,0,False,False,False
2017-09-06 15:33:00+00:00,-2.5761939999999993e-08,0.07905571193538294,-9.65581444070085e-07,0,False,False,False
2017-09-06 15:34:00+00:00,-2.2559259999999984e-08,0.07926520688345504,-9.054526864825158e-07,0,False,False,False
2017-09-06 15:35:00+00:00,-1.969387999999999e-08,0.07930721340667392,-8.425128959497145e-07,0,False,False,False
2017-09-06 15:36:00+00:00,-1.6552980000000003e-08,0.07934086483611642,-7.75324806487471e-07,0,False,False,False
2017-09-06 15:37:00+00:00,-1.2744739999999983e-08,0.07956534048592709,-7.128245172405006e-07,0,False,False,False
2017-09-06 15:38:00+00:00,-9.256499999999984e-09,0.07988588408527322,-6.548250396187437e-07,0,False,False,False
2017-09-06 15:39:00+00:00,-1.1318240000000014e-08,0.07958585528395035,-6.021674054071839e-07,0,False,False,False
2017-09-06 15:40:00+00:00,-1.2635700000000005e-08,0.07943864909145622,-5.54185787070848e-07,0,False,False,False
2017-09-06 15:41:00+00:00,-1.3814479999999988e-08,0.07939295895432466,-5.102456651399872e-07,0,False,False,False
2017-09-06 15:42:00+00:00,-1.6830020000000002e-08,0.07911660612660841,-4.7071630567286684e-07,0,False,False,False
2017-09-06 15:43:00+00:00,-2.1374419999999998e-08,0.0785714235017068,-4.3551396907439423e-07,0,False,False,False
2017-09-06 15:44:00+00:00,-2.048448e-08,0.07829957423656311,-4.0379902467967534e-07,0,False,False,False
2017-09-06 15:45:00+00:00,-1.9966420000000013e-08,0.07796418862495194,-3.751161059479635e-07,0,False,False,False
2017-09-06 15:46:00+00:00,-1.9773220000000015e-08,0.07785551210471525,-3.4911503191731e-07,0,False,False,False
2017-09-06 15:47:00+00:00,-1.894234e-08,0.07768134267007017,-3.258878250795387e-07,0,False,False,False
2017-09-06 15:48:00+00:00,-1.7495580000000018e-08,0.07729325501316382,-3.048950060266049e-07,0,False,False,False
2017-09-06 15:49:00+00:00,-1.660687999999999e-08,0.07720751226201106,-2.85982160702516e-07,0,False,False,False
2017-09-06 15:50:00+00:00,-1.7504679999999994e-08,0.07673219165915839,-2.692548722207419e-07,0,False,False,False
2017-09-06 15:51:00+00:00,-1.7170999999999982e-08,0.07653852840207519,-2.543697508107076e-07,0,False,False,False
2017-09-06 15:52:00+00:00,1.3875640000000007e-08,0.08228988201431477,-2.3702657421729456e-07,0,False,False,False
2017-09-06 15:53:00+00:00,2.8821846e-07,0.12798298185465193,-1.9186561435562346e-07,0,False,False,False
2017-09-06 15:54:00+00:00,8.2989276e-07,0.17907145962429924,-9.214730335265753e-08,0,False,False,False
2017-09-06 15:55:00+00:00,1.02333276e-06,0.18320854389206562,3.0533832069523776e-08,0,False,False,False
2017-09-06 15:56:00+00:00,9.388616600000001e-07,0.1683203911663547,1.4807893546870173e-07,0,False,False,False
2017-09-06 15:57:00+00:00,7.2805618e-07,0.15026151163115065,2.448467801608284e-07,0,False,False,False
2017-09-06 15:58:00+00:00,3.2705663999999995e-07,0.13794460599430128,3.221995003965373e-07,0,False,False,False
2017-09-06 15:59:00+00:00,-3.0973553999999983e-07,0.1280537602459619,3.8324778718948467e-07,0,False,False,False
2017-09-06 16:00:00+00:00,-5.8609298e-07,0.11868700251145983,4.2916601174122546e-07,0,False,False,False
2017-09-06 16:01:00+00:00,-5.7393878e-07,0.11046796944561887,4.609037958368175e-07,0,False,False,False
2017-09-06 16:02:00+00:00,-4.4996174000000005e-07,0.10401086859453887,4.799186821187774e-07,0,False,False,False
2017-09-06 16:03:00+00:00,-3.754305399999999e-07,0.09759183604563407,4.869941698567109e-07,0,False,False,False
2017-09-06 16:04:00+00:00,-3.2817664000000006e-07,0.09150956175747885,4.830390964072548e-07,0,False,False,False
2017-09-06 16:05:00+00:00,-2.8036998e-07,0.08680386823154143,4.692321544552618e-07,0,False,False,False
2017-09-06 16:06:00+00:00,-2.3460738e-07,0.08360452057570865,4.4706776923570195e-07,0,False,False,False
2017-09-06 16:07:00+00:00,-2.0086767999999997e-07,0.0811439627457156,4.169883787209693e-07,0,False,False,False
2017-09-06 16:08:00+00:00,-1.6966236000000004e-07,0.07883836450039763,3.7895250195538197e-07,0,False,False,False
2017-09-06 16:09:00+00:00,-1.3980330000000003e-07,0.07692993299991,3.3300423225375564e-07,0,False,False,False
2017-09-06 16:10:00+00:00,-1.1592865999999998e-07,0.07568296952496492,2.8009394215412217e-07,0,False,False,False
2017-09-06 16:11:00+00:00,-1.0175571999999999e-07,0.07441614229481572,2.209193042531059e-07,0,False,False,False
2017-09-06 16:12:00+00:00,-8.927654e-08,0.07359972042448176,1.560031550302236e-07,0,False,False,False
2017-09-06 16:13:00+00:00,-7.387269999999999e-08,0.07314929471757227,8.638081210880685e-08,0,False,False,False
2017-09-06 16:14:00+00:00,-5.887968e-08,0.07316712731262263,1.2958008590347837e-08,0,False,False,False
2017-09-06 16:15:00+00:00,-4.5328660000000006e-08,0.07398607250279014,-6.372165283840327e-08,0,False,False,False
2017-09-06 16:16:00+00:00,-1.2293239999999992e-08,0.07910707181871673,-1.410954129289786e-07,0,False,False,False
2017-09-06 16:17:00+00:00,1.7586420000000004e-08,0.08309429822986134,-2.1800741126412632e-07,0,False,False,False
2017-09-06 16:18:00+00:00,2.740855999999999e-08,0.08308753142486568,-2.956643561624025e-07,0,False,False,False
2017-09-06 16:19:00+00:00,3.4652640000000004e-08,0.08359375226471,-3.7477847536795725e-07,0,False,False,False
2017-09-06 16:20:00+00:00,3.5545280000000015e-08,0.0834722672342451,-4.559030734075253e-07,0,False,False,False
2017-09-06 16:21:00+00:00,1.5063819999999997e-08,0.08306149806285008,-5.388067765589375e-07,0,False,False,False
2017-09-06 16:22:00+00:00,-6.785659999999992e-09,0.082621999158085,-6.19630048864308e-07,0,False,False,False
2017-09-06 16:23:00+00:00,-1.1286439999999984e-08,0.08259812567967224,-6.712499045814291e-07,0,False,False,False
2017-09-06 16:24:00+00:00,-7.509959999999975e-09,0.08448966360442875,-6.599902964709136e-07,0,False,False,False
2017-09-06 16:25:00+00:00,-1.1091419999999991e-08,0.08379566520547112,-6.129611641754168e-07,0,False,False,False
2017-09-06 16:26:00+00:00,-1.6749800000000004e-08,0.08232553327515074,-5.556102032809157e-07,0,False,False,False
2017-09-06 16:27:00+00:00,-1.5015700000000014e-08,0.08195529268000538,-5.030010099812975e-07,0,False,False,False
2017-09-06 16:28:00+00:00,-1.739860000000004e-09,0.08426876622229917,-4.536553982085971e-07,0,False,False,False
2017-09-06 16:29:00+00:00,1.6879379999999994e-08,0.08955617023385318,-4.043403847082888e-07,0,False,False,False
2017-09-06 16:30:00+00:00,6.54313e-08,0.0982905651553971,-3.528483087654408e-07,0,False,False,False
2017-09-06 16:31:00+00:00,1.0478183999999998e-07,0.10334684004297995,-3.002313923534692e-07,0,False,False,False
2017-09-06 16:32:00+00:00,1.0586375999999999e-07,0.10198517770036757,-2.49700611180799e-07,0,False,False,False
2017-09-06 16:33:00+00:00,9.690064000000003e-08,0.1013255421612395,-2.0179417485822554e-07,0,False,False,False
2017-09-06 16:34:00+00:00,8.171721999999995e-08,0.10245735265434489,-1.5648491652103024e-07,0,False,False,False
2017-09-06 16:35:00+00:00,2.6615819999999967e-08,0.09984928207513628,-1.156617938246803e-07,0,False,False,False
2017-09-06 16:36:00+00:00,-1.7963079999999986e-08,0.09679649621186398,-7.902359122395398e-08,0,False,False,False
2017-09-06 16:37:00+00:00,-3.352868e-08,0.09339042957294487,-4.793074601322742e-08,0,False,False,False
2017-09-06 16:38:00+00:00,-4.961896000000004e-08,0.09058746345222969,-2.328728789843172e-08,0,False,False,False
2017-09-06 16:39:00+00:00,-6.931919999999997e-08,0.08866538217392714,-4.500749151830131e-09,0,False,False,False
2017-09-06 16:40:00+00:00,-7.188088e-08,0.08622334409044784,8.458835760267932e-09,0,False,False,False
2017-09-06 16:41:00+00:00,-6.567233999999997e-08,0.08544694010401672,1.601590747314436e-08,0,False,False,False
2017-09-06 16:42:00+00:00,-5.221424000000001e-08,0.08520567879247298,1.878632825523187e-08,0,False,False,False
2017-09-06 16:43:00+00:00,-4.176593999999999e-08,0.08472737532635606,1.7344706529921593e-08,0,False,False,False
2017-09-06 16:44:00+00:00,-3.8379479999999983e-08,0.08372229106285428,1.186097395655447e-08,0,False,False,False
2017-09-06 16:45:00+00:00,-3.5763300000000004e-08,0.08167367050081746,2.4760641193302587e-09,0,False,False,False
2017-09-06 16:46:00+00:00,-4.064046000000002e-08,0.07962730706583508,-8.536567659781051e-09,0,False,False,False
2017-09-06 16:47:00+00:00,-4.907122e-08,0.07750662488007568,-1.981564383065303e-08,0,False,False,False
2017-09-06 16:48:00+00:00,-5.150751999999998e-08,0.07628666594798866,-3.1478238360249534e-08,0,False,False,False
2017-09-06 16:49:00+00:00,-4.840808e-08,0.07577291338723771,-4.362287248976674e-08,0,False,False,False
2017-09-06 16:50:00+00:00,-4.573409999999999e-08,0.07479818705218386,-5.774200038997334e-08,0,False,False,False
2017-09-06 16:51:00+00:00,-4.3049500000000004e-08,0.07379745623615801,-7.412316477970997e-08,0,False,False,False
2017-09-06 16:52:00+00:00,-3.732571999999996e-08,0.07323371824952479,-9.274023200148427e-08,0,False,False,False
2017-09-06 16:53:00+00:00,-3.740114e-08,0.07246111981859013,-1.1385771244299377e-07,0,False,False,False
2017-09-06 16:54:00+00:00,-4.014174000000001e-08,0.07184834700929843,-1.3651446192169862e-07,0,False,False,False
2017-09-06 16:55:00+00:00,-3.6484239999999995e-08,0.07177896515921767,-1.6096472683867622e-07,0,False,False,False
2017-09-06 16:56:00+00:00,-3.0676611999999986e-08,0.07218747318661682,-1.8716844640056392e-07,0,False,False,False
2017-09-06 16:57:00+00:00,-2.740612800000002e-08,0.07261421514369139,-2.1421035626948886e-07,0,False,False,False
2017-09-06 16:58:00+00:00,-2.499616000000002e-08,0.07240489998769216,-2.4055364427313393e-07,0,False,False,False
2017-09-06 16:59:00+00:00,-2.1973939999999996e-08,0.0723961785170571,-2.641528784669136e-07,0,False,False,False
2017-09-06 17:00:00+00:00,-2.0364591999999996e-08,0.0725743294877795,-2.8197404934870864e-07,0,False,False,False
2017-09-06 17:01:00+00:00,-1.8985042e-08,0.07312700201022355,-2.9391367596699437e-07,0,False,False,False
2017-09-06 17:02:00+00:00,-1.679611199999999e-08,0.07410079543659462,-3.0293759998198336e-07,0,False,False,False
2017-09-06 17:03:00+00:00,-1.3096240000000007e-08,0.07459912255660393,-3.0858197251989186e-07,0,False,False,False
2017-09-06 17:04:00+00:00,-9.238332000000001e-09,0.07557423578902057,-3.10219590515302e-07,0,False,False,False
2017-09-06 17:05:00+00:00,-5.215668000000009e-09,0.07688924457142536,-3.097132386778386e-07,0,False,False,False
2017-09-06 17:06:00+00:00,-3.5384800000000037e-09,0.07755311566895798,-3.0717425044421947e-07,0,False,False,False
2017-09-06 17:07:00+00:00,-4.1786000000000004e-09,0.07782979800947368,-3.0370180774600695e-07,0,False,False,False
2017-09-06 17:08:00+00:00,-4.326659999999983e-09,0.07778948617850849,-2.994461359406051e-07,0,False,False,False
2017-09-06 17:09:00+00:00,-4.369347999999996e-09,0.07786469835054449,-2.9380660200556074e-07,0,False,False,False
2017-09-06 17:10:00+00:00,-4.663069999999988e-09,0.07825490178613205,-2.873217055732415e-07,0,False,False,False
2017-09-06 17:11:00+00:00,-4.700605999999989e-09,0.07856181321508994,-2.798636740193781e-07,0,False,False,False
2017-09-06 17:12:00+00:00,-2.8705100000000114e-09,0.07903560776851337,-2.7067534539189953e-07,0,False,False,False
2017-09-06 17:13:00+00:00,1.5254800000000029e-09,0.08018708079427564,-2.5936721500811e-07,0,False,False,False
2017-09-06 17:14:00+00:00,7.067274000000003e-09,0.08150494228907944,-2.456974054077164e-07,0,False,False,False
2017-09-06 17:15:00+00:00,1.0322329999999994e-08,0.0816597884850056,-2.2993896859047606e-07,0,False,False,False
2017-09-06 17:16:00+00:00,1.4325299999999994e-08,0.0818179987692967,-2.1262651239112275e-07,0,False,False,False
2017-09-06 17:17:00+00:00,1.6248360000000016e-08,0.0813292490678453,-1.942786476037923e-07,0,False,False,False
2017-09-06 17:18:00+00:00,1.5270639999999996e-08,0.08092093831900163,-1.7436253107650788e-07,0,False,False,False
2017-09-06 17:19:00+00:00,8.429856000000005e-09,0.08002697455343188,-1.5379399709378335e-07,0,False,False,False
2017-09-06 17:20:00+00:00,1.1809139999999949e-09,0.07885932456516687,-1.3463153731688416e-07,0,False,False,False
2017-09-06 17:21:00+00:00,-5.940860000000008e-09,0.07756998855273085,-1.1726861222462219e-07,0,False,False,False
2017-09-06 17:22:00+00:00,-9.190170000000016e-09,0.07711311184316268,-1.0082227685895536e-07,0,False,False,False
2017-09-06 17:23:00+00:00,-1.060788000000001e-08,0.07744410888692463,-8.553204560757168e-08,0,False,False,False
2017-09-06 17:24:00+00:00,-6.803839999999999e-09,0.0783093806494219,-7.140568868129619e-08,0,False,False,False
2017-09-06 17:25:00+00:00,4.396600000000004e-09,0.08027488474916243,-5.698968190691725e-08,0,False,False,False
2017-09-06 17:26:00+00:00,1.2299592000000016e-08,0.0811616836916297,-4.2868599351857135e-08,0,False,False,False
2017-09-06 17:27:00+00:00,3.520858000000001e-08,0.08792318535654761,-2.6986774109829782e-08,0,False,False,False
2017-09-06 17:28:00+00:00,8.595881999999999e-08,0.10141237416337198,-5.460471287808408e-09,0,False,False,False
2017-09-06 17:29:00+00:00,1.1510205000000002e-07,0.10657532045719846,1.9654251459051474e-08,0,False,False,False
2017-09-06 17:30:00+00:00,1.0356702600000002e-07,0.10205073225155907,4.4438650849296596e-08,0,False,False,False
2017-09-06 17:31:00+00:00,7.835768799999997e-08,0.09442362071063934,6.609690237354565e-08,0,False,False,False
2017-09-06 17:32:00+00:00,2.9059979999999994e-08,0.0861551838952059,8.271754362293244e-08,0,False,False,False
2017-09-06 17:33:00+00:00,-4.6856580000000006e-08,0.07998993701052197,9.338734720398044e-08,0,False,False,False
2017-09-06 17:34:00+00:00,-9.822417000000001e-08,0.07533139478045241,9.81386274330934e-08,0,False,False,False
2017-09-06 17:35:00+00:00,-1.0548373000000002e-07,0.0734155075653729,9.808501461225383e-08,0,False,False,False
2017-09-06 17:36:00+00:00,-9.116598799999998e-08,0.07286783724199333,9.423910826963411e-08,0,False,False,False
2017-09-06 17:37:00+00:00,-6.815344e-08,0.07329231646598187,8.664074838056738e-08,0,False,False,False
2017-09-06 17:38:00+00:00,-4.843351399999997e-08,0.07298794778153092,7.596159190098712e-08,0,False,False,False
2017-09-06 17:39:00+00:00,-3.3501420000000005e-08,0.07208964551467618,6.278464511762106e-08,0,False,False,False
2017-09-06 17:40:00+00:00,-2.663671e-08,0.07126926366715025,4.757263801331812e-08,0,False,False,False
2017-09-06 17:41:00+00:00,-2.3590884000000002e-08,0.0708623328922986,3.0406046290966414e-08,0,False,False,False
2017-09-06 17:42:00+00:00,-2.1804379999999993e-08,0.0708273335594109,1.167755957950521e-08,0,False,False,False
2017-09-06 17:43:00+00:00,-1.9312666000000005e-08,0.07075758896205771,-7.869584396302754e-09,0,False,False,False
2017-09-06 17:44:00+00:00,-1.5024759999999994e-08,0.07081155415664284,-2.6988448839614855e-08,0,False,False,False
2017-09-06 17:45:00+00:00,-1.1624659999999989e-08,0.07092203888371586,-4.508955317660254e-08,0,False,False,False
2017-09-06 17:46:00+00:00,-8.211837999999999e-09,0.07155694732448785,-6.195129711617385e-08,0,False,False,False
2017-09-06 17:47:00+00:00,-5.671685999999999e-09,0.07186087966943143,-7.740310343985084e-08,0,False,False,False
2017-09-06 17:48:00+00:00,-2.4160199999999956e-09,0.07183794705406117,-9.091998280614212e-08,0,False,False,False
2017-09-06 17:49:00+00:00,-1.989370000000003e-09,0.07185751797267516,-1.040588535078262e-07,0,False,False,False
2017-09-06 17:50:00+00:00,1.0697800000000023e-09,0.07303768452829122,-1.1710629031959098e-07,0,False,False,False
2017-09-06 17:51:00+00:00,1.4534999999999937e-10,0.0724754884582702,-1.3020887436788964e-07,0,False,False,False
2017-09-06 17:52:00+00:00,-2.8580940000000137e-09,0.07112096425340798,-1.435914156507724e-07,0,False,False,False
2017-09-06 17:53:00+00:00,-4.4511080000000125e-09,0.07038666902362321,-1.566656273492029e-07,0,False,False,False
2017-09-06 17:54:00+00:00,-5.798260000000011e-09,0.07048253855187941,-1.6979089482765982e-07,0,False,False,False
2017-09-06 17:55:00+00:00,-5.26654e-09,0.07105679339821865,-1.8018974925377482e-07,0,False,False,False
2017-09-06 17:56:00+00:00,9.174600000000033e-10,0.07329072504946811,-1.8795681079911986e-07,0,False,False,False
2017-09-06 17:57:00+00:00,2.4108360000000012e-08,0.0827993493286521,-1.89350346148496e-07,0,False,False,False
2017-09-06 17:58:00+00:00,9.5062988e-08,0.10976010891371972,-1.7367411113672205e-07,0,False,False,False
2017-09-06 17:59:00+00:00,9.853578e-08,0.10553447232643486,-1.4799383880685255e-07,0,False,False,False
2017-09-06 18:00:00+00:00,6.339742e-08,0.09097693195730591,-1.2048694600821993e-07,0,False,False,False
2017-09-06 18:01:00+00:00,3.2811048e-08,0.08082711997050156,-9.481271772083861e-08,0,False,False,False
2017-09-06 18:02:00+00:00,-3.978450000000013e-09,0.0748411722498792,-7.296887064081729e-08,0,False,False,False
2017-09-06 18:03:00+00:00,-8.457108e-08,0.07176782566303679,-5.6046333192109264e-08,0,False,False,False
2017-09-06 18:04:00+00:00,-9.310905199999998e-08,0.07006595099932988,-4.392825533161865e-08,0,False,False,False
2017-09-06 18:05:00+00:00,-6.619526e-08,0.06857798314371961,-3.5629939376871526e-08,0,False,False,False
2017-09-06 18:06:00+00:00,-4.486537399999999e-08,0.06794399772891836,-3.0317730804449385e-08,0,False,False,False
2017-09-06 18:07:00+00:00,-2.5596295999999985e-08,0.06923799167739428,-2.6347568051314758e-08,0,False,False,False
2017-09-06 18:08:00+00:00,-1.6323769999999994e-08,0.06871477870820326,-2.3786304532136845e-08,0,False,False,False
2017-09-06 18:09:00+00:00,-1.3681254000000007e-08,0.06740203972016796,-2.345669818917608e-08,0,False,False,False
2017-09-06 18:10:00+00:00,-1.1254039999999999e-08,0.06664673983903512,-2.5045245930637795e-08,0,False,False,False
2017-09-06 18:11:00+00:00,-9.410914e-09,0.06621861338986958,-2.8191147151516927e-08,0,False,False,False
2017-09-06 18:12:00+00:00,-1.2983014000000007e-08,0.06624645860484234,-3.252352534045519e-08,0,False,False,False
2017-09-06 18:13:00+00:00,-1.268111800000001e-08,0.06619002815971291,-3.785053280801844e-08,0,False,False,False
2017-09-06 18:14:00+00:00,-8.578844000000008e-09,0.06655528715066357,-4.3839209320544726e-08,0,False,False,False
2017-09-06 18:15:00+00:00,-5.9599520000000195e-09,0.06631871996687747,-5.0048465901769234e-08,0,False,False,False
2017-09-06 18:16:00+00:00,-2.825088000000013e-09,0.06648703978645691,-5.602926495593621e-08,0,False,False,False
2017-09-06 18:17:00+00:00,-1.944860000000009e-09,0.06633004785204413,-6.190694906696612e-08,0,False,False,False
2017-09-06 18:18:00+00:00,2.1892220000000106e-09,0.06805526782885409,-6.668943072583191e-08,0,False,False,False
2017-09-06 18:19:00+00:00,4.0641500000000065e-09,0.06846197709896071,-7.088665195733604e-08,0,False,False,False
2017-09-06 18:20:00+00:00,7.707392000000013e-09,0.06977306594507972,-7.408163079714851e-08,0,False,False,False
2017-09-06 18:21:00+00:00,1.7077680000000153e-09,0.06654646078191742,-7.758947839413893e-08,0,False,False,False
2017-09-06 18:22:00+00:00,-1.1799999999999827e-09,0.06533183424347598,-8.230149806382598e-08,0,False,False,False
2017-09-06 18:23:00+00:00,-6.213384000000016e-09,0.06475004237752008,-8.74578473385443e-08,0,False,False,False
2017-09-06 18:24:00+00:00,-9.64014799999999e-09,0.06422644065437635,-9.379302172620883e-08,0,False,False,False
2017-09-06 18:25:00+00:00,-1.4783740000000002e-08,0.0635618461767735,-1.0006758067449182e-07,0,False,False,False
2017-09-06 18:26:00+00:00,-7.775814000000011e-09,0.06531766832188936,-1.0523223008992085e-07,0,False,False,False
2017-09-06 18:27:00+00:00,-3.5617900000000058e-09,0.06615909322062871,-1.0745419302382389e-07,0,False,False,False
2017-09-06 18:28:00+00:00,-2.198309999999985e-09,0.06610811418482643,-1.004453076183097e-07,0,False,False,False
2017-09-06 18:29:00+00:00,-1.0788520000000038e-09,0.06577517666444312,-8.927898600250635e-08,0,False,False,False
2017-09-06 18:30:00+00:00,6.540400000000079e-10,0.06537395658834953,-7.848116370754913e-08,0,False,False,False
2017-09-06 18:31:00+00:00,-8.750860000000071e-10,0.0658393483782033,-6.932781232917904e-08,0,False,False,False
2017-09-06 18:32:00+00:00,1.472489999999995e-09,0.06853287344766315,-6.172659811896753e-08,0,False,False,False
2017-09-06 18:33:00+00:00,9.492673999999995e-09,0.07321312685189517,-5.468912141715213e-08,0,False,False,False
2017-09-06 18:34:00+00:00,1.9686009999999985e-08,0.07776390870222595,-4.726022152994871e-08,0,False,False,False
2017-09-06 18:35:00+00:00,2.7060925999999993e-08,0.08056570056502409,-3.965890116986893e-08,0,False,False,False
2017-09-06 18:36:00+00:00,2.7654408000000005e-08,0.07963295425064132,-3.2649466273757124e-08,0,False,False,False
2017-09-06 18:37:00+00:00,1.669560000000001e-08,0.07466468986821068,-2.591783610939889e-08,0,False,False,False
2017-09-06 18:38:00+00:00,-7.357940000000026e-10,0.06914925530298552,-2.0618267338232815e-08,0,False,False,False
2017-09-06 18:39:00+00:00,-1.7405969999999988e-08,0.06553923323389317,-1.7645490173915013e-08,0,False,False,False
2017-09-06 18:40:00+00:00,-3.0113120000000005e-08,0.06282379343375236,-1.691030429477434e-08,0,False,False,False
2017-09-06 18:41:00+00:00,-3.431926e-08,0.06233507894695364,-1.8303681772461702e-08,0,False,False,False
2017-09-06 18:42:00+00:00,-2.918594800000001e-08,0.06218443748838347,-2.119339313158e-08,0,False,False,False
2017-09-06 18:43:00+00:00,-2.1646927999999992e-08,0.06166504820294862,-2.505745818845016e-08,0,False,False,False
2017-09-06 18:44:00+00:00,-1.6339800000000005e-08,0.06240788128015827,-3.0232207916861674e-08,0,False,False,False
2017-09-06 18:45:00+00:00,-1.1463873999999996e-08,0.0647322156755495,-3.683092634651558e-08,0,False,False,False
2017-09-06 18:46:00+00:00,-8.556727999999998e-09,0.0651149555662736,-4.299169707219204e-08,0,False,False,False
2017-09-06 18:47:00+00:00,-6.7024079999999955e-09,0.0650728042930174,-4.886289363307835e-08,0,False,False,False
2017-09-06 18:48:00+00:00,-5.940864000000001e-09,0.06414961866038488,-5.407838281089619e-08,0,False,False,False
2017-09-06 18:49:00+00:00,-5.470623999999996e-09,0.06387077733061144,-5.866479030078333e-08,0,False,False,False
2017-09-06 18:50:00+00:00,-5.395838000000004e-09,0.06411688878551002,-6.238958485887398e-08,0,False,False,False
2017-09-06 18:51:00+00:00,-5.853055999999995e-09,0.06471594482867267,-6.652663355670627e-08,0,False,False,False
2017-09-06 18:52:00+00:00,-6.514664000000001e-09,0.06433240090137061,-7.119224348724926e-08,0,False,False,False
2017-09-06 18:53:00+00:00,-5.4866760000000015e-09,0.06409026606469524,-7.582627144189981e-08,0,False,False,False
2017-09-06 18:54:00+00:00,-4.109556000000001e-09,0.0658007069731436,-8.093973773792742e-08,0,False,False,False
2017-09-06 18:55:00+00:00,-3.6426399999999927e-09,0.06633379261753623,-8.638885067621101e-08,0,False,False,False
2017-09-06 18:56:00+00:00,-3.1672580000000007e-09,0.06672547898383142,-9.159114904466451e-08,0,False,False,False
2017-09-06 18:57:00+00:00,-2.398151999999999e-09,0.06698131734204386,-9.63308732330851e-08,0,False,False,False
2017-09-06 18:58:00+00:00,-2.797844000000002e-09,0.06629499253324247,-1.0067586097929264e-07,0,False,False,False
2017-09-06 18:59:00+00:00,-2.7306200000000085e-09,0.06670014686911714,-1.0446585849737905e-07,0,False,False,False
2017-09-06 19:00:00+00:00,-1.7531940000000075e-09,0.06780290486643162,-1.0753968727598614e-07,0,False,False,False
2017-09-06 19:01:00+00:00,-1.0125520000000054e-09,0.06816562010197098,-1.0991773524235694e-07,0,False,False,False
2017-09-06 19:02:00+00:00,-9.538080000000042e-10,0.06809205411830438,-1.115060975895455e-07,0,False,False,False
2017-09-06 19:03:00+00:00,-1.3625820000000028e-09,0.06745134952040707,-1.1165371331427643e-07,0,False,False,False
2017-09-06 19:04:00+00:00,-2.072643999999995e-09,0.06709978809257026,-1.0929941751527235e-07,0,False,False,False
2017-09-06 19:05:00+00:00,-2.025705999999992e-09,0.06786257030084593,-1.0435674640283224e-07,0,False,False,False
2017-09-06 19:06:00+00:00,-2.8299339999999942e-09,0.06681209382695351,-9.731177947090229e-08,0,False,False,False
2017-09-06 19:07:00+00:00,-2.125631999999996e-09,0.06673818284094635,-8.94122190549106e-08,0,False,False,False
2017-09-06 19:08:00+00:00,3.319559999999998e-09,0.06930498485656031,-8.062442353260931e-08,0,False,False,False
2017-09-06 19:09:00+00:00,1.0420743999999999e-08,0.07292675347050244,-7.050910544553157e-08,0,False,False,False
2017-09-06 19:10:00+00:00,1.132762e-08,0.07282450013633088,-6.035248728498021e-08,0,False,False,False
2017-09-06 19:11:00+00:00,1.0460713999999998e-08,0.07148557349209171,-5.1303948696277465e-08,0,False,False,False
2017-09-06 19:12:00+00:00,8.811377999999997e-09,0.06989382709676503,-4.303169009353009e-08,0,False,False,False
2017-09-06 19:13:00+00:00,4.283662e-09,0.06854228104882158,-3.4970382135104055e-08,0,False,False,False
2017-09-06 19:14:00+00:00,-2.6845939999999993e-09,0.06700671386253723,-2.762466039947016e-08,0,False,False,False
2017-09-06 19:15:00+00:00,-1.7168580000000078e-09,0.06804608057664649,-2.0995414390656866e-08,0,False,False,False
2017-09-06 19:16:00+00:00,2.1023139999999967e-09,0.06910339419304751,-1.3964399496946493e-08,0,False,False,False
2017-09-06 19:17:00+00:00,4.087753999999995e-09,0.06968316776778913,-7.1744108311185765e-09,0,False,False,False
2017-09-06 19:18:00+00:00,2.229672400000001e-08,0.08589636624289272,8.229290517002396e-10,0,False,False,False
2017-09-06 19:19:00+00:00,4.067345400000001e-08,0.09727441415501364,1.0715152863533196e-08,0,False,False,False
2017-09-06 19:20:00+00:00,4.0159904e-08,0.0959660307765895,2.0760174865810584e-08,0,False,False,False
2017-09-06 19:21:00+00:00,5.9163425999999995e-08,0.10774978278770113,3.2492141455341466e-08,0,False,False,False
2017-09-06 19:22:00+00:00,1.3056284e-07,0.14020291415536026,5.1579789607413347e-08,0,False,False,False
2017-09-06 19:23:00+00:00,1.9031188799999998e-07,0.1578210216667278,8.019823391068905e-08,0,False,False,False
2017-09-06 19:24:00+00:00,2.8375312e-07,0.17540850453944173,1.2104058176705686e-07,0,False,False,False
2017-09-06 19:25:00+00:00,3.1692808e-07,0.17051832353033297,1.6696072012479418e-07,0,False,False,False
2017-09-06 19:26:00+00:00,3.1494778599999996e-07,0.1687389112915463,2.132409956116574e-07,0,False,False,False
2017-09-06 19:27:00+00:00,2.6710749999999995e-07,0.16801151268022974,2.5999136905071147e-07,0,False,False,False
2017-09-06 19:28:00+00:00,2.1657798e-07,0.16563338647763792,3.0853348231920506e-07,0,False,False,False
2017-09-06 19:29:00+00:00,1.4660099999999998e-07,0.1667151943699016,3.594028394430636e-07,0,False,False,False
2017-09-06 19:30:00+00:00,1.0589555999999994e-07,0.15959720036579125,4.0807870041251514e-07,0,False,False,False
2017-09-06 19:31:00+00:00,7.36691999999999e-09,0.1393586993054282,4.479080707338721e-07,0,False,False,False
2017-09-06 19:32:00+00:00,-1.1090987999999995e-07,0.1195717933969316,4.733704980196193e-07,0,False,False,False
2017-09-06 19:33:00+00:00,-2.0644943999999998e-07,0.10556576325394615,4.848143783281202e-07,0,False,False,False
2017-09-06 19:34:00+00:00,-3.0233384e-07,0.0942661106210789,4.830198229600489e-07,0,False,False,False
2017-09-06 19:35:00+00:00,-3.3925177999999997e-07,0.08491393351546332,4.6962269469226724e-07,0,False,False,False
2017-09-06 19:36:00+00:00,-2.92755708e-07,0.07705555354524768,4.4628425989488357e-07,0,False,False,False
2017-09-06 19:37:00+00:00,-2.2349112000000004e-07,0.07092418011989379,4.1427528690297156e-07,0,False,False,False
2017-09-06 19:38:00+00:00,-1.7483473000000002e-07,0.06570501832594153,3.756882592920804e-07,0,False,False,False
2017-09-06 19:39:00+00:00,-1.3532373000000003e-07,0.061510246969155816,3.325066367965725e-07,0,False,False,False
2017-09-06 19:40:00+00:00,-1.0484634000000003e-07,0.05793206864276354,2.846178717941869e-07,0,False,False,False
2017-09-06 19:41:00+00:00,-8.106893199999999e-08,0.055607777594227574,2.3192011040829122e-07,0,False,False,False
2017-09-06 19:42:00+00:00,-6.214294e-08,0.05455917398573872,1.7539082683926305e-07,0,False,False,False
2017-09-06 19:43:00+00:00,-4.476848e-08,0.05588615616785356,1.1614243117902383e-07,0,False,False,False
2017-09-06 19:44:00+00:00,-3.0848917999999994e-08,0.05815517343680595,5.476810709153182e-08,0,False,False,False
2017-09-06 19:45:00+00:00,-2.1437391999999995e-08,0.05894263497244548,-7.994918163486493e-09,0,False,False,False
2017-09-06 19:46:00+00:00,-1.5601900000000008e-08,0.05917366562340643,-7.199726715286452e-08,0,False,False,False
2017-09-06 19:47:00+00:00,-1.1792840000000007e-08,0.05947328591374992,-1.3756837099766942e-07,0,False,False,False
2017-09-06 19:48:00+00:00,-1.0613930000000007e-08,0.06008982029362184,-2.0247133975049313e-07,0,False,False,False
2017-09-06 19:49:00+00:00,-1.0173966e-08,0.06095416803735026,-2.651494644136229e-07,0,False,False,False
2017-09-06 19:50:00+00:00,-9.211682000000006e-09,0.05997437559801773,-3.269200414321632e-07,0,False,False,False
2017-09-06 19:51:00+00:00,-5.507873999999997e-09,0.06234736336501971,-3.8561446247344283e-07,0,False,False,False
2017-09-06 19:52:00+00:00,-1.7875859999999963e-09,0.06500053786519552,-4.344380716665364e-07,0,False,False,False
2017-09-06 19:53:00+00:00,-1.1315459999999967e-09,0.06498953610560868,-4.703856577181999e-07,0,False,False,False
2017-09-06 19:54:00+00:00,-7.72131999999999e-10,0.06496080383683145,-4.882820965503843e-07,0,False,False,False
2017-09-06 19:55:00+00:00,-3.1433259999999976e-09,0.061765306023535096,-4.9473653859814e-07,0,False,False,False
2017-09-06 19:56:00+00:00,-5.956002000000006e-09,0.061490357617052294,-4.934253591675512e-07,0,False,False,False
2017-09-06 19:57:00+00:00,-7.2580279999999985e-09,0.06276692494322424,-4.827834781664551e-07,0,False,False,False
2017-09-06 19:58:00+00:00,-7.544177999999998e-09,0.0614774288475821,-4.6067264850194196e-07,0,False,False,False
2017-09-06 19:59:00+00:00,-9.083898e-09,0.05997416484148754,-4.260541604743532e-07,0,False,False,False
2017-09-06 20:00:00+00:00,-6.467433999999998e-09,0.06013358521757567,-3.8288460934085457e-07,0,False,False,False
2017-09-06 20:01:00+00:00,-5.4418639999999914e-09,0.06044866729506011,-3.3772691111535515e-07,0,False,False,False
2017-09-06 20:02:00+00:00,-6.8492640000000046e-09,0.06003132937890472,-2.9649814978590326e-07,0,False,False,False
2017-09-06 20:03:00+00:00,-5.954489999999995e-09,0.06098093467693506,-2.594833451289899e-07,0,False,False,False
2017-09-06 20:04:00+00:00,-4.660039999999998e-09,0.060924983684886816,-2.272401582824884e-07,0,False,False,False
2017-09-06 20:05:00+00:00,-4.2806339999999954e-09,0.05946367763915331,-1.9942699861618872e-07,0,False,False,False
2017-09-06 20:06:00+00:00,-3.696540000000009e-09,0.059366738850356954,-1.7548411255751586e-07,0,False,False,False
2017-09-06 20:07:00+00:00,-2.9340979999999977e-09,0.05973335796844725,-1.5522073062856887e-07,0,False,False,False
2017-09-06 20:08:00+00:00,-3.573002000000009e-09,0.05801544463141454,-1.3823738893686566e-07,0,False,False,False
2017-09-06 20:09:00+00:00,-2.8523399999999993e-09,0.05832322304151234,-1.2382380400827825e-07,0,False,False,False
2017-09-06 20:10:00+00:00,-3.158160000000085e-10,0.06064001522529812,-1.1129309784556771e-07,0,False,False,False
2017-09-06 20:11:00+00:00,9.217160000000047e-10,0.06132612040120224,-1.0046154572052837e-07,0,False,False,False
2017-09-06 20:12:00+00:00,5.541220000000014e-10,0.06041807550506959,-9.137872322826373e-08,0,False,False,False
2017-09-06 20:13:00+00:00,-3.694139999999985e-10,0.05865527856876407,-8.407595067525082e-08,0,False,False,False
2017-09-06 20:14:00+00:00,-1.789528e-09,0.057914160081573636,-7.813560234891852e-08,0,False,False,False
2017-09-06 20:15:00+00:00,-3.9342359999999915e-09,0.058163653632138546,-7.349702322814996e-08,0,False,False,False
2017-09-06 20:16:00+00:00,-5.163896000000004e-09,0.0600770845055682,-7.027292923725148e-08,0,False,False,False
2017-09-06 20:17:00+00:00,-4.660039999999998e-09,0.06105219789716357,-6.798386139670159e-08,0,False,False,False
2017-09-06 20:18:00+00:00,-3.072777999999995e-09,0.06237121586198329,-6.62719907312697e-08,0,False,False,False
2017-09-06 20:19:00+00:00,-1.9257880000000066e-09,0.06281291682803611,-6.475995154054244e-08,0,False,False,False
2017-09-06 20:20:00+00:00,-4.896260000000036e-10,0.06407403985033916,-6.305776939135125e-08,0,False,False,False
2017-09-06 20:21:00+00:00,1.2808320000000015e-09,0.06810951717221671,-6.12922670575978e-08,0,False,False,False
2017-09-06 20:22:00+00:00,3.1372740000000036e-09,0.07243211918788475,-5.8794262364969154e-08,0,False,False,False
2017-09-06 20:23:00+00:00,4.008421999999998e-09,0.07432212685632791,-5.594648770032385e-08,0,False,False,False
2017-09-06 20:24:00+00:00,4.859886000000004e-09,0.07477026672093917,-5.249774743559655e-08,0,False,False,False
2017-09-06 20:25:00+00:00,3.4312900000000034e-09,0.07267794291148699,-4.961728802008697e-08,0,False,False,False
2017-09-06 20:26:00+00:00,1.7622760000000027e-09,0.07235104782583435,-4.743339588692892e-08,0,False,False,False
2017-09-06 20:27:00+00:00,-5.120300000000012e-10,0.07017410313860191,-4.510737688520724e-08,0,False,False,False
2017-09-06 20:28:00+00:00,-1.4443400000000014e-09,0.06933862492847012,-4.242944944561166e-08,0,False,False,False
2017-09-06 20:29:00+00:00,-2.243722000000001e-09,0.06962190980320908,-3.994075466043928e-08,0,False,False,False
2017-09-06 20:30:00+00:00,-3.040678000000009e-09,0.0658883304075598,-3.8037175319663343e-08,0,False,False,False
2017-09-06 20:31:00+00:00,-3.034022000000005e-09,0.06700620855830408,-3.682420912619708e-08,0,False,False,False
2017-09-06 20:32:00+00:00,-3.2814059999999997e-09,0.06942359366247737,-3.641281428190571e-08,0,False,False,False
2017-09-06 20:33:00+00:00,-3.851573999999995e-09,0.06857637605764265,-3.605721148464662e-08,0,False,False,False
2017-09-06 20:34:00+00:00,-4.696375999999997e-09,0.06690971989756686,-3.583698061031851e-08,0,False,False,False
2017-09-06 20:35:00+00:00,-3.7789e-09,0.06639866760938422,-3.557040354513302e-08,0,False,False,False
2017-09-06 20:36:00+00:00,-4.051417999999995e-09,0.06565995970484881,-3.537464131563861e-08,0,False,False,False
2017-09-06 20:37:00+00:00,-4.103798000000003e-09,0.062685640562867,-3.5308039342363375e-08,0,False,False,False
2017-09-06 20:38:00+00:00,-4.025072000000003e-09,0.061392063962094436,-3.5259933345016836e-08,0,False,False,False
2017-09-06 20:39:00+00:00,-3.842488000000007e-09,0.059517369524692054,-3.513036680061942e-08,0,False,False,False
2017-09-06 20:40:00+00:00,-3.597225999999991e-09,0.060093974781767936,-3.451299883285188e-08,0,False,False,False
2017-09-06 20:41:00+00:00,-4.578283999999996e-09,0.0517955583135151,-3.34137798639134e-08,0,False,False,False
2017-09-06 20:42:00+00:00,-3.9396920000000044e-09,0.051155367759095086,-3.22994822214581e-08,0,False,False,False
2017-09-06 20:43:00+00:00,-3.678068000000002e-09,0.052213320871786956,-3.183272953039149e-08,0,False,False,False
2017-09-06 20:44:00+00:00,-2.2618920000000026e-09,0.056193963374041055,-3.1565858756082726e-08,0,False,False,False
2017-09-06 20:45:00+00:00,-2.473850000000006e-09,0.05463928982058273,-3.163412572178318e-08,0,False,False,False
2017-09-06 20:46:00+00:00,-1.5351800000000059e-09,0.05234384062473364,-3.224715552122414e-08,0,False,False,False
2017-09-06 20:47:00+00:00,-2.219189999999992e-09,0.04692979053033425,-3.3086102499526334e-08,0,False,False,False
2017-09-06 20:48:00+00:00,-2.714576e-09,0.04356399389358888,-3.424398972420344e-08,0,False,False,False
2017-09-06 20:49:00+00:00,-3.5790559999999944e-09,0.04182913391677086,-3.5309020311815614e-08,0,False,False,False
2017-09-06 20:50:00+00:00,-2.1952760000000015e-09,0.046734716951247764,-3.572576940908172e-08,0,False,False,False
2017-09-06 20:51:00+00:00,-1.5260939999999962e-09,0.04636232547865728,-3.5933487346042064e-08,0,False,False,False
2017-09-06 20:52:00+00:00,-1.2669040000000032e-09,0.04386270228022981,-3.608693916372163e-08,0,False,False,False
2017-09-06 20:53:00+00:00,-1.1642539999999967e-09,0.04184174287293059,-3.6312722558846113e-08,0,False,False,False
2017-09-06 20:54:00+00:00,-1.0355619999999989e-09,0.043747492449840754,-3.61993815820296e-08,0,False,False,False
2017-09-06 20:55:00+00:00,-1.9933079999999998e-09,0.04507863252691548,-3.5905957862042504e-08,0,False,False,False
2017-09-06 20:56:00+00:00,-2.2346380000000035e-09,0.04404629306703189,-3.557604827999174e-08,0,False,False,False
2017-09-06 20:57:00+00:00,-1.3492600000000006e-09,0.04818252122259297,-3.501123722893683e-08,0,False,False,False
2017-09-06 20:58:00+00:00,-7.8954e-10,0.04800711476528959,-3.413835829825388e-08,0,False,False,False
2017-09-06 20:59:00+00:00,-4.1786199999999985e-10,0.05091543683272769,-3.289483780732447e-08,0,False,False,False
2017-09-06 21:00:00+00:00,-4.593399999999962e-10,0.0467547589187805,-3.1378591277920044e-08,0,False,False,False
2017-09-06 21:01:00+00:00,-1.1536559999999972e-09,0.036766464941883424,-3.024699974040323e-08,0,False,False,False
2017-09-06 21:02:00+00:00,-1.3640999999999982e-09,0.03919475347016942,-2.968079382393123e-08,0,False,False,False
2017-09-06 21:03:00+00:00,-8.728100000000042e-10,0.04634541971020232,-2.9037416553608705e-08,0,False,False,False
2017-09-06 21:04:00+00:00,-1.244492000000003e-09,0.043178744305417315,-2.8310000101245914e-08,0,False,False,False
2017-09-06 21:05:00+00:00,-1.3583480000000018e-09,0.03920248986369602,-2.7501255772727903e-08,0,False,False,False
2017-09-06 21:06:00+00:00,-1.0355640000000007e-09,0.024407905410084224,-2.6727770186481052e-08,0,False,False,False
2017-09-06 21:07:00+00:00,-7.524480000000002e-10,0.02783277705439279,-2.585002605603113e-08,0,False,False,False
2017-09-06 21:08:00+00:00,-9.174739999999958e-10,0.029566184701827203,-2.4862072716377213e-08,0,False,False,False
2017-09-06 21:09:00+00:00,-4.087760000000006e-10,0.03918195849964824,-2.3856394346776237e-08,0,False,False,False
2017-09-06 21:10:00+00:00,4.953759999999982e-10,0.050647131053531046,-2.2681080950694717e-08,0,False,False,False
2017-09-06 21:11:00+00:00,1.044647999999998e-09,0.046913135905531596,-2.14379741837456e-08,0,False,False,False
2017-09-06 21:12:00+00:00,-1.2566200000000204e-10,0.0265229954450754,-2.0305522369454983e-08,0,False,False,False
2017-09-06 21:13:00+00:00,-1.1990740000000028e-09,0.00031208827644013865,-1.941142746668078e-08,0,False,False,False
2017-09-06 21:14:00+00:00,-1.7804439999999972e-09,0.0,-1.845011948910231e-08,0,False,False,False
2017-09-06 21:15:00+00:00,-2.3042819999999984e-09,0.0,-1.7438721217282915e-08,0,False,False,False
2017-09-06 21:16:00+00:00,-2.3890659999999995e-09,0.0,-1.6541280911750297e-08,0,False,False,False
2017-09-06 21:17:00+00:00,-1.5548600000000008e-09,0.0,-1.5719081514567558e-08,0,False,False,False
2017-09-06 21:18:00+00:00,-1.2263259999999998e-09,0.0,-1.5188236266497085e-08,0,False,False,False
2017-09-06 21:19:00+00:00,-1.4773420000000037e-09,0.0,-1.4614708604056956e-08,0,False,False,False
2017-09-06 21:20:00+00:00,-1.3020200000000136e-10,0.0,-1.3262494340618231e-08,0,False,False,False
2017-09-06 21:21:00+00:00,5.768274000000001e-09,0.08146018563455083,-1.0502783407477119e-08,0,False,False,False
2017-09-06 21:22:00+00:00,1.4138173999999997e-08,0.11194005768861047,-6.277164392626781e-09,0,False,False,False
2017-09-06 21:23:00+00:00,2.3300194e-08,0.12475284911629432,-7.813893885906471e-10,0,False,False,False
2017-09-06 21:24:00+00:00,2.2997095999999998e-08,0.10691038166133471,4.991497219162314e-09,0,False,False,False
2017-09-06 21:25:00+00:00,1.822805e-08,0.09315686967414381,1.0138263191710028e-08,0,False,False,False
2017-09-06 21:26:00+00:00,9.619847999999997e-09,0.0799842283764611,1.4648424452807842e-08,0,False,False,False
2017-09-06 21:27:00+00:00,-1.1663699999999963e-09,0.06790462334412746,1.8568678749941477e-08,0,False,False,False
2017-09-06 21:28:00+00:00,-1.2644779999999993e-08,0.05941287787445353,2.1290231069056027e-08,0,False,False,False
2017-09-06 21:29:00+00:00,-1.4698957999999993e-08,0.04832734679234226,2.3116661535372163e-08,0,False,False,False
2017-09-06 21:30:00+00:00,-1.3640683999999996e-08,0.03648198775253597,2.430257565368177e-08,0,False,False,False
2017-09-06 21:31:00+00:00,-1.2572113999999995e-08,0.024833939923637246,2.4361032297621992e-08,0,False,False,False
2017-09-06 21:32:00+00:00,-1.1645252e-08,0.010131263367071645,2.3391885001784588e-08,0,False,False,False
2017-09-06 21:33:00+00:00,-1.0537324000000004e-08,0.0,2.1632944394094144e-08,0,False,False,False
2017-09-06 21:34:00+00:00,-9.064516e-09,0.0,1.9326908296029547e-08,0,False,False,False
2017-09-06 21:35:00+00:00,-8.220926000000001e-09,0.0,1.6542996255178082e-08,0,False,False,False
2017-09-06 21:36:00+00:00,-7.089678e-09,0.0,1.3274506357845119e-08,0,False,False,False
2017-09-06 21:37:00+00:00,-5.950255999999999e-09,0.0,9.691963620143029e-09,0,False,False,False
2017-09-06 21:38:00+00:00,-4.305767999999996e-09,0.0,6.02925267778929e-09,0,False,False,False
2017-09-06 21:39:00+00:00,-3.984198e-09,0.0,2.4306580566558056e-09,0,False,False,False
2017-09-06 21:40:00+00:00,-3.115773999999998e-09,0.0,-9.595220800233161e-10,0,False,False,False
2017-09-06 21:41:00+00:00,-3.129704000000003e-09,0.0,-4.260280292954626e-09,0,False,False,False
2017-09-06 21:42:00+00:00,-2.9537799999999997e-09,0.0,-7.658631556649399e-09,0,False,False,False
2017-09-06 21:43:00+00:00,-3.124858e-09,0.0,-1.1105437966535508e-08,0,False,False,False
2017-09-06 21:44:00+00:00,-1.0119460000000041e-09,0.0,-1.4677627194607184e-08,0,False,False,False
2017-09-06 21:45:00+00:00,-6.72212000000001e-10,0.0,-1.820722265116322e-08,0,False,False,False
2017-09-06 21:46:00+00:00,8.905260000000003e-10,0.0,-2.1748529465624202e-08,0,False,False,False
2017-09-06 21:47:00+00:00,1.8818819999999962e-09,0.0,-2.5283739751962918e-08,0,False,False,False
2017-09-06 21:48:00+00:00,1.7259379999999958e-09,0.0,-2.890558777518742e-08,0,False,False,False
2017-09-06 21:49:00+00:00,-5.056799999999953e-11,0.0,-3.259312774079829e-08,0,False,False,False
2017-09-06 21:50:00+00:00,-1.1173159999999988e-09,0.0,-3.5870957561947684e-08,0,False,False,False
2017-09-06 21:51:00+00:00,-1.762582000000001e-09,0.0,-3.774708752305163e-08,0,False,False,False
2017-09-06 21:52:00+00:00,-3.163921999999996e-09,0.0,-3.758320551087137e-08,0,False,False,False
2017-09-06 21:53:00+00:00,-3.415543999999996e-09,0.0,-3.523042167852104e-08,0,False,False,False
2017-09-06 21:54:00+00:00,-3.483067999999998e-09,0.0,-3.1714533551479425e-08,0,False,False,False
2017-09-06 21:55:00+00:00,-2.8160080000000036e-09,0.0,-2.7965903018968488e-08,0,False,False,False
2017-09-06 21:56:00+00:00,-2.505036000000001e-09,0.0,-2.3969517753035938e-08,0,False,False,False
2017-09-06 21:57:00+00:00,-7.903000000000253e-11,0.0,-1.9730804169345157e-08,0,False,False,False
2017-09-06 21:58:00+00:00,4.523777999999999e-09,0.0,-1.591355449738443e-08,0,False,False,False
2017-09-06 21:59:00+00:00,4.510455999999997e-09,0.0,-1.25031920359185e-08,0,False,False,False
2017-09-06 22:00:00+00:00,1.77136e-09,0.0,-9.384889790908844e-09,0,False,False,False
2017-09-06 22:01:00+00:00,-1.6562999999999486e-10,0.0,-6.688783413704527e-09,0,False,False,False
2017-09-06 22:02:00+00:00,-2.695799999999997e-09,0.0,-4.5001764458490685e-09,0,False,False,False
2017-09-06 22:03:00+00:00,-7.34887e-09,0.0,-2.832547639289689e-09,0,False,False,False
2017-09-06 22:04:00+00:00,-6.6996760000000006e-09,0.0,-1.59087990743361e-09,0,False,False,False
2017-09-06 22:05:00+00:00,-3.152113999999996e-09,0.0,-6.946446469722541e-10,0,False,False,False
2017-09-06 22:06:00+00:00,-6.24668000000002e-10,0.0,-1.7147554430149037e-10,0,False,False,False
2017-09-06 22:07:00+00:00,1.8328279999999987e-09,0.0,0.0,0,False,False,False
2017-09-06 22:08:00+00:00,2.5162399999999967e-09,0.0,0.0,0,False,False,False
2017-09-06 22:09:00+00:00,1.2817400000000022e-09,0.0,0.0,0,False,False,False
2017-09-06 22:10:00+00:00,1.2717399999999697e-10,0.0,0.0,0,False,False,False
2017-09-06 22:11:00+00:00,-1.4192080000000024e-09,0.0,0.0,0,False,False,False
2017-09-06 22:12:00+00:00,-2.788753999999999e-09,0.0,0.0,0,False,False,False
2017-09-06 22:13:00+00:00,-1.3528979999999995e-09,0.0,0.0,0,False,False,False
2017-09-06 22:14:00+00:00,1.9430440000000016e-09,0.0,0.0,0,False,False,False
2017-09-06 22:15:00+00:00,2.4889879999999995e-09,0.0,0.0,0,False,False,False
2017-09-06 22:16:00+00:00,4.720904000000002e-09,0.0,0.0,0,False,False,False
2017-09-06 22:17:00+00:00,5.822775999999998e-09,0.0,0.0,0,False,False,False
2017-09-06 22:18:00+00:00,7.593534000000002e-09,0.0,0.0,0,False,False,False
2017-09-06 22:19:00+00:00,6.925863999999997e-09,0.0,0.0,0,False,False,False
2017-09-06 22:20:00+00:00,6.1225480000000044e-09,0.0,0.0,0,False,False,False
2017-09-06 22:21:00+00:00,5.334970000000001e-09,0.0,0.0,0,False,False,False
2017-09-06 22:22:00+00:00,5.268662e-09,0.0,0.0,0,False,False,False
2017-09-06 22:23:00+00:00,1.9515219999999976e-09,0.0,0.0,0,False,False,False
2017-09-06 22:24:00+00:00,-2.4011399999999746e-10,0.0,0.0,0,False,False,False
2017-09-06 22:25:00+00:00,-1.8168000000000379e-10,0.0,0.0,0,False,False,False
2017-09-06 22:26:00+00:00,-3.5699720000000025e-09,0.0,0.0,0,False,False,False
2017-09-06 22:27:00+00:00,-6.004457999999999e-09,0.0,0.0,0,False,False,False
2017-09-06 22:28:00+00:00,-4.994628e-09,0.0,0.0,0,False,False,False
2017-09-06 22:29:00+00:00,7.932359999999998e-09,26.126798502446036,0.0,0,False,False,False
2017-09-06 22:30:00+00:00,4.908938e-08,0.5127229632481654,2.8412368039660624e-09,0,False,False,False
2017-09-06 22:31:00+00:00,5.4239952000000006e-08,0.3298539816493179,7.3315084174931126e-09,0,False,False,False
2017-09-06 22:32:00+00:00,3.794344e-08,0.2467586429295929,1.0794894753924744e-08,0,False,False,False
2017-09-06 22:33:00+00:00,2.5033102000000003e-08,0.1963977920317723,1.300937255654894e-08,0,False,False,False
2017-09-06 22:34:00+00:00,3.0591519999999966e-09,0.18569399563391278,1.3462120435434755e-08,0,False,False,False
2017-09-06 22:35:00+00:00,-4.4320334e-08,5.323158802639227,1.2360585775631412e-08,0,False,False,False
2017-09-06 22:36:00+00:00,-5.132462599999999e-08,0.0,1.1259051115828068e-08,0,False,False,False
2017-09-06 22:37:00+00:00,-3.7225812e-08,0.0,1.0157516456024723e-08,0,False,False,False
2017-09-06 22:38:00+00:00,-2.6804464000000002e-08,0.0,9.055981796221379e-09,0,False,False,False
2017-09-06 22:39:00+00:00,-1.6301051999999995e-08,0.0,7.954447136418034e-09,0,False,False,False
2017-09-06 22:40:00+00:00,-9.183817999999996e-09,0.0,6.85291247661469e-09,0,False,False,False
2017-09-06 22:41:00+00:00,-5.177216000000005e-09,0.0,5.7513778168113435e-09,0,False,False,False
2017-09-06 22:42:00+00:00,-1.7804440000000026e-09,0.0,4.649843157008e-09,0,False,False,False
2017-09-06 22:43:00+00:00,-7.594119999999994e-10,0.0,3.5483084972046557e-09,0,False,False,False
2017-09-06 22:44:00+00:00,-2.2710000000001136e-11,0.0,2.446773837401312e-09,0,False,False,False
2017-09-06 22:45:00+00:00,1.2989959999999972e-09,0.0,1.3452391775979668e-09,0,False,False,False
2017-09-06 22:46:00+00:00,5.23232e-10,0.0,2.437045177946222e-10,0,False,False,False
2017-09-06 22:47:00+00:00,-7.72129999999997e-10,0.0,-8.578301420087223e-10,0,False,False,False
2017-09-06 22:48:00+00:00,-1.239042000000001e-09,0.0,-1.959364801812067e-09,0,False,False,False
2017-09-06 22:49:00+00:00,-2.8795960000000002e-09,0.0,-3.060899461615412e-09,0,False,False,False
2017-09-06 22:50:00+00:00,-4.579191999999997e-09,0.0,-4.162434121418757e-09,0,False,False,False
2017-09-06 22:51:00+00:00,-3.330153999999999e-09,0.0,-5.263968781222102e-09,0,False,False,False
2017-09-06 22:52:00+00:00,2.098377999999997e-09,0.0,-6.365503441025446e-09,0,False,False,False
2017-09-06 22:53:00+00:00,6.375986000000001e-09,0.0,-7.46703810082879e-09,0,False,False,False
2017-09-06 22:54:00+00:00,9.429088e-09,0.0,-8.568572760632135e-09,0,False,False,False
2017-09-06 22:55:00+00:00,2.1538832e-08,53.040884040456156,-9.67010742043548e-09,0,False,False,False
2017-09-06 22:56:00+00:00,3.0595468e-08,3.4903949616814085,-1.059463974200443e-08,0,False,False,False
2017-09-06 22:57:00+00:00,2.3027678e-08,3.028913767959122,-1.1539881429917284e-08,0,False,False,False
2017-09-06 22:58:00+00:00,1.6415513999999997e-08,3.023593493393273,-1.2534106438653181e-08,0,False,False,False
2017-09-06 22:59:00+00:00,1.1672808000000003e-08,1.5846353249323093,-1.3454171310106937e-08,0,False,False,False
2017-09-06 23:00:00+00:00,-2.009666000000009e-09,2.5853746226672634,-1.1464167928291555e-08,0,False,False,False
2017-09-06 23:01:00+00:00,-1.4407965999999998e-08,27.856972906192784,-7.415037624912446e-09,0,False,False,False
2017-09-06 23:02:00+00:00,-9.701595999999997e-09,34.45023537551604,-3.7949484470870185e-09,0,False,False,False
2017-09-06 23:03:00+00:00,-3.9024459999999966e-09,6.078380145516474,-8.993064591664197e-10,0,False,False,False
2017-09-06 23:04:00+00:00,1.1990719999999955e-09,0.5558055397388272,1.203337143408653e-09,0,False,False,False
2017-09-06 23:05:00+00:00,6.224592000000004e-09,0.34099736644835865,2.523913920416212e-09,0,False,False,False
2017-09-06 23:06:00+00:00,1.2730780000000001e-08,0.25817867599298955,4.628802346109927e-09,0,False,False,False
2017-09-06 23:07:00+00:00,1.7940692000000003e-08,0.24867830524964418,7.509761589152727e-09,0,False,False,False
2017-09-06 23:08:00+00:00,2.4640976e-08,0.24779623451261434,1.1350594114761352e-08,0,False,False,False
2017-09-06 23:09:00+00:00,2.7796728000000003e-08,0.24177161241055717,1.582936769191049e-08,0,False,False,False
2017-09-06 23:10:00+00:00,3.6969642e-08,0.24677217377894517,2.1398519372842838e-08,0,False,False,False
2017-09-06 23:11:00+00:00,4.3721097999999996e-08,0.2382956131325582,2.8107058741431997e-08,0,False,False,False
2017-09-06 23:12:00+00:00,4.0614104e-08,0.22082451095522054,3.539644017367799e-08,0,False,False,False
2017-09-06 23:13:00+00:00,2.774706399999999e-08,0.20089270556196592,4.2350978697995885e-08,0,False,False,False
2017-09-06 23:14:00+00:00,1.6296512000000007e-08,0.18490278249497136,4.856516063310858e-08,0,False,False,False
2017-09-06 23:15:00+00:00,-5.339513999999993e-09,0.16560496203039143,5.337478590337197e-08,0,False,False,False
2017-09-06 23:16:00+00:00,-2.4603735999999995e-08,0.15274149934153475,5.6389320680733816e-08,0,False,False,False
2017-09-06 23:17:00+00:00,-3.686578600000001e-08,0.13964013765191713,5.75526543623313e-08,0,False,False,False
2017-09-06 23:18:00+00:00,-4.0246499999999996e-08,0.1286358267390123,5.7001942350750306e-08,0,False,False,False
2017-09-06 23:19:00+00:00,-4.02235e-08,0.12211227187025522,5.498778469160249e-08,0,False,False,False
2017-09-06 23:20:00+00:00,-3.5659444000000004e-08,0.10978072343692626,5.167705899339379e-08,0,False,False,False
2017-09-06 23:21:00+00:00,-3.1030592e-08,0.09238704654717898,4.7186435661370604e-08,0,False,False,False
2017-09-06 23:22:00+00:00,-2.6003864e-08,0.06251858637417586,4.1699277163602065e-08,0,False,False,False
2017-09-06 23:23:00+00:00,-2.1897343999999998e-08,0.0,3.516970767682441e-08,0,False,False,False
2017-09-06 23:24:00+00:00,-1.7713598e-08,0.0,2.8003236228615425e-08,0,False,False,False
2017-09-06 23:25:00+00:00,-1.1422393999999998e-08,0.5059803243056997,2.078395763630834e-08,0,False,False,False
2017-09-06 23:26:00+00:00,-5.8772799999999985e-09,5.586448992289666,1.375388844004491e-08,0,False,False,False
2017-09-06 23:27:00+00:00,-5.940879999999975e-10,0.6682402099893215,6.843905686847585e-09,0,False,False,False
2017-09-06 23:28:00+00:00,1.849180000000002e-09,9.16156466246319,-2.194305594574895e-10,0,False,False,False
2017-09-06 23:29:00+00:00,5.831859999999996e-09,0.6190213522006186,-6.941968923103369e-09,0,False,False,False
2017-09-06 23:30:00+00:00,6.311793999999999e-09,0.23457168793438954,-1.3143575854663704e-08,0,False,False,False
2017-09-06 23:31:00+00:00,3.4791339999999998e-09,0.18775600001769197,-1.959948873441838e-08,0,False,False,False
2017-09-06 23:32:00+00:00,1.4298059999999967e-09,0.17304209318736077,-2.615750438278102e-08,0,False,False,False
2017-09-06 23:33:00+00:00,3.419480000000001e-09,0.1703753861614872,-3.2472179108894994e-08,0,False,False,False
2017-09-06 23:34:00+00:00,1.1809079999999996e-09,0.14433783823260493,-3.78048388988701e-08,0,False,False,False
2017-09-06 23:35:00+00:00,1.5989174000000004e-08,0.21388687153055239,-4.035625025346146e-08,0,False,False,False
2017-09-06 23:36:00+00:00,1.6312862199999998e-07,0.2661042950209959,-2.515033717338825e-08,0,False,False,False
2017-09-06 23:37:00+00:00,4.00485532e-07,0.27564474532994815,1.6812784079462553e-08,0,False,False,False
2017-09-06 23:38:00+00:00,7.06373524e-07,0.27482971674320766,9.319158654258037e-08,0,False,False,False
2017-09-06 23:39:00+00:00,6.16801118e-07,0.23883806089253762,1.6570919472484636e-07,0,False,False,False
2017-09-06 23:40:00+00:00,4.60420676e-07,0.21704219389409887,2.2201666464584697e-07,0,False,False,False
2017-09-06 23:41:00+00:00,2.130628e-07,0.20297042291051756,2.6432466598610793e-07,0,False,False,False
2017-09-06 23:42:00+00:00,-9.674725999999998e-08,0.18903609657736545,2.96275594985686e-07,0,False,False,False
2017-09-06 23:43:00+00:00,-4.6145105999999997e-07,0.17376053856413545,3.195480069323162e-07,0,False,False,False
2017-09-06 23:44:00+00:00,-4.0970644e-07,0.16386923570894257,3.3573776310369594e-07,0,False,False,False
2017-09-06 23:45:00+00:00,-2.7281094000000004e-07,0.16816466176445158,3.4729948646872086e-07,0,False,False,False
2017-09-06 23:46:00+00:00,-1.7556445999999997e-07,0.16938036584226637,3.5426455667865016e-07,0,False,False,False
2017-09-06 23:47:00+00:00,-1.2538384e-07,0.15732797347019276,3.5599541254520307e-07,0,False,False,False
2017-09-06 23:48:00+00:00,-9.839406e-08,0.14376779529161038,3.5093719422818144e-07,0,False,False,False
2017-09-06 23:49:00+00:00,-9.015768000000001e-08,0.1338014640867089,3.383130833440348e-07,0,False,False,False
2017-09-06 23:50:00+00:00,-1.0885083199999997e-07,0.12503337430004266,3.193745752257673e-07,0,False,False,False
2017-09-06 23:51:00+00:00,-1.1747297e-07,0.11649144028272888,2.960575442986405e-07,0,False,False,False
2017-09-06 23:52:00+00:00,-1.09634746e-07,0.10878213039362873,2.676076167884987e-07,0,False,False,False
2017-09-06 23:53:00+00:00,-9.276476000000001e-08,0.1062303754521516,2.3314306376408942e-07,0,False,False,False
2017-09-06 23:54:00+00:00,-7.599254e-08,0.10305907842984026,1.9361686053191115e-07,0,False,False,False
2017-09-06 23:55:00+00:00,-6.5024052e-08,0.09386269850929722,1.508007304908782e-07,0,False,False,False
2017-09-06 23:56:00+00:00,-6.078035399999999e-08,0.08266513125552075,1.0524548894446163e-07,0,False,False,False
2017-09-06 23:57:00+00:00,-5.357955399999999e-08,0.073984913977694,5.6916171699202666e-08,0,False,False,False
2017-09-06 23:58:00+00:00,-4.5083374e-08,0.0697589629816465,6.002342661860689e-09,0,False,False,False
2017-09-06 23:59:00+00:00,-3.859173199999999e-08,0.05584678958626332,-4.669791162979065e-08,0,False,False,False
